;marca;preco
0;Cadeira Gamer Prizi JX-1039B, até 120 kg, com Almofadas na lombar e pescoço, Azul;R$ 439,90
1;Cadeira Gamer Prizi Escritório, Infinity - Branca;R$ 369,90
2;Cadeira Gamer Husky Gaming Snow, Preto, Cilindro de Gás Classe 4, Base em Metal, Roda em Nylon - HSN-BK;R$ 659,99
3;Cadeira Gamer Husky Gaming Tempest 500, Preto, Com Almofadas, Descanso Para Pernas Retrátil, Reclinável - HGMA078;R$ 999,99
4;Cadeira Gamer Vermelha Prizi - Jx-1039r;R$ 439,00
5;Cadeira Gamer Prizi Pz1006e, até 120 Kg, Ângulo ajustável do encosto, Vermelha;R$ 439,90
6;Cadeira Gamer Husky Gaming Tempest 700, Preto, Com Almofadas, Descanso Para Pernas Retrátil, Reclinável - HGMA074;R$ 1.059,99
7;Cadeira Gamer Fox Racer Nordic, 125kg, Courino, Encostos Ajustável, Preto;R$ 469,49
8;Cadeira Gamer Mymax Mx5 ,Peso Suportado até 150Kg, Giratória, Preto;R$ 679,15
9;Cadeira Gamer Husky Gaming Tempest 700, Branco,  Com Almofadas, Descanso Para Pernas Retrátil, Reclinável - HGMA077;R$ 1.499,99
10;Cadeira Gamer, Prizi Infinity, Até 150Kg - Vermelha;R$ 359,90
11;Cadeira Gamer Husky Gaming Hailstorm, Preto, Com Almofadas, Reclinável, Descanso de Braço 2D - HHA-BK;R$ 839,99
12;Cadeira Gamer Prizi, Amarela, Com Almofadas - JX-1039Y;R$ 439,90
13;Cadeira Gamer Husky Gaming Tempest 700, Cinza Claro, Com Almofadas, Descanso Para Pernas Retrátil, Reclinável - HGMA076;R$ 1.059,99
14;Cadeira Gamer Prizi Jx-1039g, até 120 kg, com Almofadas para Pescoço e Lombar, Regulagem de altura, Verde;R$ 439,90
15;Cadeira Gamer ThunderX3 TGC12, Até 120kg, com Almofadas, Reclinável, Preto;R$ 1.179,99
16;Cadeira Gamer Mymax MX5, Até 150kg, Com Almofadas, Reclinável, Descanso de Braço 2D, Preto - MGCH-MX5/BK;R$ 729,99
17;Cadeira Gamer Prizi Pz1005, Até 120Kg, Roxa;R$ 439,00
18;Cadeira Gamer Husky Gaming Tempest 500, Preto e Branco, Com Almofadas, Descanso Para Pernas Retrátil, Reclinável - HGMA082;R$ 999,99
19;Cadeira Gamer Husky Gaming Blizzard RGB, Preto, Luz RGB, Com Almofadas, Reclinável - HBL-RGB;R$ 849,99
20;Cadeira Gamer Husky Gaming Blizzard, Preto, Com Almofadas, Reclinável, Descanso de Braço 2D - HGMA005;R$ 734,99
21;Cadeira Gamer Husky Gaming Tempest 500, Preto e Azul, Com Almofadas, Descanso Para Pernas Retrátil, Reclinável - HGMA081;R$ 999,99
22;Cadeira Gamer Mymax Mx5, Suportado até 150Kg, Giratória, Preto e Branco;R$ 679,15
23;Cadeira Gamer Mymax MX1, Peso Suportado até 120Kg, Giratória, Preto - mgch-8131/bk;R$ 466,65
24;Cadeira Gamer Husky Gaming Storm, Preto, Com Almofadas, Reclinável, Descanso de Braço 2D - HST-BK;R$ 899,99
25;Cadeira Gamer Mymax MX5, Até 150kg, Com Almofadas, Reclinável, Descanso de Braço 2D, Preto e Branco - MGCH-MX5/WH;R$ 719,99
26;Cadeira Gamer Husky Gaming Tempest 700, Preto e Vermelho, Com Almofadas, Descanso Para Pernas Retrátil, Reclinável - HGMA075;R$ 1.059,99
27;Cadeira Gamer ThunderX3 TGC12, Preto e Vermelho, Reclinável, com Almofadas, Cilindro de Gás Classe 4;R$ 1.094,99
28;Cadeira Gamer Mymax Mx5, Até 150Kg, Giratória, Preto E Azul;R$ 679,15
29;Cadeira Gamer Mx5 Giratória Branco E Azul Marinho - Mymax;R$ 899,00
30;Cadeira Gamer MX6, Giratória, Azul e Preto, Mymax;R$ 594,15
31;Cadeira Gamer Raven X-30, Preto,  Até 200Kg, com Almofadas, Descanso de Braço 4D, Encosto Reclinável, Trava de Inclinação, Preto - CDRVX30PP;R$ 1.299,99
32;Cadeira Gamer ThunderX3 TGC12 EVO, Até 125Kg, com Almofadas, Cilindro de Gás, Preto - 76418;R$ 1.099,99
33;Cadeira DT3 Nero, Até 120kg, com Almofada, Reclinável, Braço 4D, Cilindro de Gás Classe 4, Preto - 13747-2;R$ 1.424,99
34;Cadeira Gamer Husky Gaming Tempest 500 Black e Purple, Com Almofadas, Descanso Para Pernas Retrátil, Reclinável - Special Edition;R$ 999,99
35;Cadeira Gamer, Prizi, Infinity, Até 150Kg, inclinação multifuncional  - Amarela;R$ 369,00
36;Cadeira Gamer DT3 Elise, Até 130 Kg, com Almofadas, Reclinável, Preto - 13436-7;R$ 1.129,99
37;Cadeira Gamer XT Racer Viking Series, Até 120 Kg, Com Almofadas, Reclinável, Descanso de Braço 3D, Preto - XTR-014;R$ 1.149,99
38;Cadeira Gamer Husky Gaming Storm, Preto e Branco, Com Almofadas, Reclinável, Descanso de Braço 2D - HST-BW;R$ 774,99
39;Cadeira Gamer Mymax MX5, Até 150kg, Com Almofadas, Reclinável, Descanso de Braço 2D, Preto e Azul - MGCH-MX5/BL;R$ 699,99
40;Cadeira Gamer Draxen DN2, Até 150kg, Com Almofadas, Reclinável, Descanso de Braço 2D, Preto - DN002/BK;R$ 899,99
41;Cadeira Gamer Mymax Mx8, Giratória, 150Kg, Preto E Vermelho;R$ 594,15
42;Cadeira Gamer XT Racer Viking Series, Até 120kg, Com Almofadas e Apoio de Pés, Reclinável, Descanso de Braço 3D, Preto - XTR-018;R$ 1.499,99
43;Cadeira Gamer Husky Gaming Storm, Preto e Azul, Com Almofadas, Reclinável, Descanso de Braço 2D - HST-BB;R$ 789,99
44;Cadeira Gamer  DT3 Nero,  Até 120kg, com Almofada, Reclinável, Braço 4D, Cilindro de Gás Classe 4, Grafite - 13748-3;R$ 1.399,99
45;Cadeira Gamer ThunderX3 BC3 Black - 67991;R$ 1.299,99
46;Cadeira Gamer PCYes Mad Racer V8 Turbo, Black - V8TBMADPT;R$ 1.299,90
47;Cadeira Gamer Husky Gaming Blizzard, Preto e Vermelho, Com Almofadas, Reclinável, Descanso de Braço 2D - HBL-BR;R$ 849,99
48;Cadeira Gamer Prizi PZ1006E, Até 120 Kg, Couro sintético de PU, Ângulo ajustável, Descanso de pé, Amarela;R$ 439,90
49;Cadeira Gamer Husky Gaming Hailstorm, Preto e Vermelho, Com Almofadas, Reclinável, Descanso de Braço 2D - HHA-BR;R$ 899,99
50;Cadeira Gamer Prizi Infinity, até 120KG, Escritório, Azul;R$ 509,59
51;Cadeira Gamer Husky Gaming Hailstorm, Preto e Branco, Com Almofadas, Reclinável, Descanso de Braço 2D - HHA-BW;R$ 824,99
52;Cadeira Gamer XT Racer Defender, Até 120kg, Com Almofadas, Reclinável, Descanso de Braço 3D, Preto - XTR-034;R$ 1.299,99
53;Cadeira Gamer Thunderx3 TGC12 Profissional, Até 120kg, Com Almofadas, Reclinável, Descanso de Braço 2D, Rosa e Preto - 78203;R$ 1.199,99
54;Cadeira Gamer Mymax MX5, Até 150kg, Com Almofadas, Reclinável, Descanso de Braço 2D, Preto e Vermelho - MGCH-MX5/RD;R$ 684,99
55;Cadeira Gamer Husky Gaming Blizzard, Preto e Branco, Com Almofadas, Reclinável, Descanso de Braço 2D - HBL-BW;R$ 899,99
56;Cadeira Gamer, XT Racer Draco, Reclinável Ergonômica, Tecido Polyester, Preto e Azul.;R$ 2.023,12
57;Cadeira Gamer Corsair T3 Rush, Até 120Kg, Apoio de Braços 4D, com Almofadas, Reclinável, Cilindro de Gás Classe 4, Cinza - CF-9010031-WW;R$ 1.899,99
58;Cadeira Gamer Vinik Rocket, 120kg, Ajuste de altura e inclinação Preto - CGR10PT;R$ 659,99
59;Cadeira Gamer Prizi JX-1039PU, Até 120Kg, Ajustável, Com Almofadas, Roxa;R$ 439,00
60;Cadeira Gamer Husky Gaming Snow, Preto e Azul, Cilindro de Gás Classe 4, Base em Metal, Roda em Nylon - HSN-BB;R$ 659,99
61;Cadeira Gamer Mymax MX0, Até 120Kg, Giratória, Preto e Azul;R$ 381,65
62;Cadeira Gamer Mymax Mx5, Peso Suportado até 150Kg, Giratória, Preto e verde;R$ 679,15
63;Cadeira Gamer MyMax, Giratoria, Preto -  MX12;R$ 806,65
64;Cadeira Gamer Mymax MX8, Até 150Kg, Giratória, Preto e Azul;R$ 594,15
65;Cadeira Gamer ThunderX3 EC3, Até 120 kg,  Preto - 67998;R$ 1.139,99
66;Cadeira Gamer DT3 Gamma Fabric, Até 130 Kg, Com Almofadas, Reclinável, Descanso de Braço 3D, Preto - 13491-8;R$ 1.249,99
67;Cadeira Gamer Husky Gaming Blizzard, Preto e Azul, Com Almofadas, Reclinável, Descanso de Braço 2D - HBL-BB;R$ 749,99
68;Cadeira Gamer Mymax Mx0, Suporta Até 120kg, Giratória, Preto E Branco;R$ 381,65
69;Cadeira Gamer Corsair T1 Race, Até 120kg, Apoio de Braços 4D, com Almofadas, Reclinável, Preto e Azul - CF-9010014-WW;R$ 1.999,99
70;Cadeira Gamer Mymax MX1, Peso Suportado até 120Kg, Giratória, Preto e Branco;R$ 466,65
71;Cadeira Gamer Corsair TC200 Fabric, Até 120Kg, Apoio de Braços 4D, Almofadas, Reclinável, Cilindro Classe 4, Cinza e Branco - CF-9010048-WW;R$ 1.899,99
72;Cadeira Gamer Mymax Mx9, Até 150Kg, Giratória, Preto/Azul;R$ 636,65
73;Cadeira Gamer ThunderX3 TGC12 EVO, Até 125Kg, com Almofadas, Cilindro de Gás, Branco - 76421;R$ 1.149,99
74;Cadeira Gamer Husky Gaming Storm, Preto e Vermelho, Com Almofadas, Reclinável, Descanso de Braço 2D - HST-BR;R$ 729,99
75;Cadeira Gamer Alpha Gamer Nimbus,  Até 125 kg, Apoio de Braço 4D, Reclinável, Preto e Cinza- AGNIMBUSBK;R$ 1.199,99
76;Cadeira Gamer Noblechairs Hero, Black - NBL-HRO-PU-BLA;R$ 2.479,99
77;Cadeira Gamer Husky Gaming Snow, Preto e Vermelho, Cilindro de Gás Classe 4, Base em Metal, Roda em Nylon - HSN-BR;R$ 659,99
78;Cadeira Gamer, Prizi, Runner - Amarela;R$ 338,89
79;Cadeira Gamer Husky Gaming Storm, Preto e Verde, Com Almofadas, Reclinável, Descanso de Braço 2D - HST-BG;R$ 869,99
80;Cadeira Gamer Mymax MX7, Suportado até 150Kg, Giratória, Preto e Rosa;R$ 679,15
81;Cadeira Gamer XT Racer Speed Series, Até 120kg, Com Almofadas e Apoio de Pés, Reclinável, Descanso de Braço 2D, Preto - XTS190;R$ 1.499,99
82;Cadeira Gamer Mymax MX0, Peso Suportado até 120Kg, Giratória, Preto e Vermelho - Mgch-mx0/rd;R$ 381,65
83;Cadeira Gamer Profissional Reclinavel Dragon War Ergonomica - Gc015 Preto Led;R$ 663,81
84;Cadeira Gamer Husky Gaming Snow, Preto e Verde, Cilindro de Gás Classe 4, Base em Metal, Roda em Nylon - HGMA018;R$ 659,99
85;Cadeira Gamer Raven X-10, Até 150Kg, com Almofadas, Descanso de Braço 4D, Reclinável, Trava de Inclinação, Preto e Vermelho - CDRVX10PV;R$ 714,99
86;Cadeira Gamer DT3 Grigio, Até 130Kg, Com Almofadas, Reclinável, Descanso de Braço 1D,  Cinza e Preto - 13373-7;R$ 1.149,99
87;Cadeira Gamer TC3 ThunderX3, Encosto Reclinável, Braço 2D, 125Kg, Preto/Branco - 72994;R$ 1.049,99
88;Cadeira Gamer Fortrek Vickers, Até 120Kg, com Almofadas, Preto - 7051;R$ 739,99
89;Cadeira Gamer Racer X Comfort, 100Kg, Preta;R$ 803,65
90;Cadeira Gamer Corsair T3 Rush, Até 120Kg, Apoio de Braços 4D, com Almofadas, Reclinável, Cinza e Branco - CF-9010030-WW;R$ 1.929,99
91;Cadeira Gamer Husky Gaming Avalanche, Rosa e Branco, Com Almofadas, Reclinável, Descanso de Braço 3D - HAV-PW;R$ 919,99
92;Cadeira Gamer DT3 Elise, Até 130 Kg, com Almofadas, Reclinável, Preto e Azul - 13437-8;R$ 1.129,99
93;Cadeira Gamer ThunderX3 TGC12, Até 120kg, Com Almofadas, Descanso de Braço 2D, Preto e Azul;R$ 1.144,99
94;Cadeira Gamer Mymax Mx9, 150kg, Com Almofadas, Braços com Regulagem 2D, Giratória, Cilindro de Gás Classe 2 - 80mm, Preto e Vermelho;R$ 636,65
95;Cadeira Gamer Alpha Gamer Kappa, Até 150 kg, Apoio de Braço Acolchoado, Cilindro de Gás Classe 4, Preto e Verde - AGKAPPA-BK-GRN;R$ 759,99
96;Cadeira Gamer XT Racer Speed Series, Até 120kg, Com Almofadas, Reclinável, Descanso de Braço 2D, Preto - XTS150;R$ 949,99
97;Cadeira Gamer Mymax MX12, Até 150 Kg, Giratória, Preto e Azul;R$ 806,65
98;Cadeira Gamer DT3 Elise Fabric, Até 130 Kg, Com Almofadas, Reclinável, Descanso de Braço 1D, Preto - 13443-5;R$ 1.099,99
99;Cadeira Gamer Husky Gaming Storm, Preto, Vermelho e Branco, Com Almofadas, Reclinável, Descanso de Braço 2D - HST-RBW;R$ 894,99
100;Cadeira Gamer Mymax Mx9, Giratória, Preto/Prata;R$ 636,65
101;Cadeira Gamer Raven X-10, Até 150Kg, Com Almofadas, Descanso de Braço 4D, Encosto Reclinável, Trava de Inclinação, Preto e Azul - CDRVX10PA;R$ 899,99
102;Cadeira Gamer DT3 Elise, Até 130 Kg, com Almofadas, Reclinável, Preto e Cinza - 13439-0;R$ 1.129,99
103;Cadeira Gamer ThunderX3 BC3, Black e Red- 67992;R$ 1.149,99
104;Cadeira Gamer Mymax Mx1, Giratória, Preto E Vermelho - mgch-8131/rd;R$ 466,65
105;Cadeira Gamer Mymax MX5, Até 150kg, Com Almofadas, Reclinável, Descanso de Braço 2D, Branco e Verde - MGCH-MX5/GRWH;R$ 849,99
106;Cadeira Gamer Mymax Mx9, até 150kg, Giratória, Com Almofadas, Reclinável, Preto/Roxo;R$ 636,65
107;Cadeira Gamer Husky Gaming Avalanche 900, Preto e Azul, Com Almofadas, Reclinável com Sistema Frog, Descanso de Braço 3D - HGMA086;R$ 1.249,99
108;Cadeira Gamer Corsair T1 Race, Até 120Kg, Apoio de Braços 4D, com Almofadas, Reclinável, Preto e Amarelo - CF-9010015-WW;R$ 1.299,99
109;Cadeira Gamer XT Racer Viking Series, Até 120kg, Com Almofadas e Apoio de Pés, Reclinável, Descanso de Braço 3D, Rosa e Branco - XTR-023;R$ 1.499,99
110;Cadeira Gamer Stillus, Ergonômica, Com Apoio Para Os Pés, Preta e Branca;R$ 689,90
111;Cadeira Gamer DT3 Royce Ashen, Com Almofadas, Reclinável, Apoio de braço 4D, Cinza e Preto - 13340-1;R$ 2.399,99
112;Cadeira Gamer PCYes Mad Racer V8 Turbo, Blue - V8TBMADAZ;R$ 1.189,99
113;Cadeira Gamer Alpha Gamer Polaris Edition, Até 150Kg, Descanso de Braço 4D,  Preto e Branco - AGPOLARISRE-BK-BL;R$ 1.559,99
114;Cadeira Gamer DT3 Elise Fabric, Até 130 Kg, Com Almofadas, Reclinável, Descanso de Braço 2D, Preto e Azul - 13444-6;R$ 1.199,99
115;Cadeira Gamer Mymax MX0, Peso Suportado até 120Kg, Giratória, Preto e Rosa - Mgch-mx0/pk;R$ 381,65
116;Cadeira Gamer Noblechairs EPIC, Black - NBL-PU-BLA-002;R$ 2.399,99
117;Cadeira Gamer Mymax Mx1, Peso Suportado até 120Kg, Giratória, Preto E Azul - mgch-8131/bl;R$ 466,65
118;Cadeira Gamer ThunderX3 BC3 Camo/CZ, Black Hawk - 67994;R$ 1.104,99
119;Cadeira Gamer Fortrek Black Hawk Black - 70508;R$ 869,99
120;Cadeira Gamer XT Racer Viking Series, Até 120Kg, Com Almofadas, Reclinável, Descanso de Braço 3D, Preto e Branco - XTR-021;R$ 1.134,99
121;Cadeira DT3 Nero, Até 150kg,  Com Almofada, Reclinável, Descanso de Braço 4D, Preto e Roxo  - 13547-0;R$ 1.599,99
122;Cadeira Gamer Fortrek Cruiser Black - 70514;R$ 979,99
123;Pistão para Cadeiras Husky Gaming Snow, Polar e Frost - HAC-PSPF;R$ 59,99
124;Cadeira Gamer Profissional ThunderX3 TGC12, Suporta Até 150Kg, Preto E Verde;R$ 994,00
125;Cadeira Gamer ThunderX3 TGC12, Black Green;R$ 1.144,99
126;Cadeira Gamer PCYes Mad Racer V8 Turbo, White - V8TBMADBC;R$ 1.219,99
127;Cadeira Gamer Mymax MX5, Até 150kg, Com Almofadas, Reclinável, Descanso de Braço 2D, Preto e Verde - MGCH-MX5/GR;R$ 684,99
128;Cadeira Gamer Mymax MX5, Até 150 Kg, Giratória, Branco e Roxo;R$ 799,00
129;Cadeira Gamer Draxen DN2, 150 kg, Altura Ajustáveis, Reclinação, com almofadas, Preto;R$ 764,15
130;Cadeira Gamer Mymax MX5, Até 150kg, Com Almofadas, Reclinável, Descanso de Braço 2D, Branco e Azul Marinho - MGCH-MX5/BLMR;R$ 849,99
131;Cadeira Gamer Alpha Gamer Vega, Preto e Azul, Reclinável, com Almofadas, Cilindro de Gás Classe 4;R$ 899,99
132;Cadeira Gamer Fortrek Vickers, Black/Pink - 70523;R$ 799,99
133;Cadeira Gamer ThunderX3 EC3, Até 120kg, com Almofadas, Preto e Ciano - 68000;R$ 1.049,99
134;Cadeira Gamer Husky Gaming Blizzard 900, Preto, Com Almofadas, Reclinável com Sistema Frog, Descanso de Braço 3D - HGMA062;R$ 1.414,99
135;Cadeira Gamer Corsair TC200, Até 120Kg, Apoio de Braços 4D, Com almofadas, Reclinável, Cilindro de Gás Classe 4, Preto - CF-9010043-WW;R$ 2.449,99
136;Cadeira Gamer Husky Gaming Storm, Branco e Rosa, Com Almofadas, Reclinável, Descanso de Braço 4D - HST-PW;R$ 919,99
137;Cadeira Gamer Alpha Gamer Polaris Racing Edition, Até 150Kg, Cilindro de Gás 4, Descanso de Braço  4D, Preto e Azul - AGPOLARISRE-BK-BL;R$ 1.399,99
138;Cadeira Gamer DT3 Nero XL, Até 160Kg, Com Almofada, Descanso de Braço 4D, Cloud - 13637-0;R$ 1.779,99
139;Cadeira Gamer DT3 Nero Elite Syrah, Até 150 Kg, Com Almofada, Reclinável, Descanso de Braço 4D, Preto e Vinho - 13543-6;R$ 2.349,99
140;Cadeira Gamer Husky Gaming Avalanche 900, Preto e Vermelho, Com Almofadas, Reclinável com Sistema Frog, Descanso de Braço 3D - HGMA083;R$ 1.249,99
141;Cadeira Gamer PCYes Mad Racer V8 Turbo, Red - V8TBMADVM;R$ 1.189,99
142;Cadeira Gamer Husky Gaming Snow, Preto e Branco, Cilindro de Gás Classe 4, Base em Metal, Roda em Nylon - HSN-BW;R$ 659,99
143;Cadeira Gamer DT3 Nero,  Até 150kg, Com Almofada, Reclinável, Descanso de Braço 4D, Preto e Rosa - 13546-9;R$ 1.449,99
144;Cadeira Gamer, MX11, Giratória, Preto, Mymax;R$ 466,65
145;Cadeira Gamer Husky Gaming Frost, Preto e Vermelho, Cilindro de Gás Classe 3, Base em Nylon, Roda em Nylon - HFR-BR;R$ 699,99
146;Cadeira Gamer ThunderX3 BC7 Larger, Black/Cyan - 68841;R$ 1.874,99
147;Cadeira Gamer Mymax MX1, Peso Suportado até 120Kg, Giratória, Preto e Verde;R$ 466,65
148;Cadeira Gamer Vinik Rocket, Peso Suportado até 150Kg, Ajuste de Altura e Inclinação, Preta - Cgr10pt;R$ 715,89
149;Cadeira Gamer ThunderX3 EC3, Peso Suportado até 150Kg, Ergonômica, Reclinável, Preta - 67998;R$ 1.257,85
150;Cadeira Gamer Fox Office Fox Racer, até 130kgs, com RGB e Iluminação LED, com almofadas, Reclinável, Preta;R$ 949,00
151;Cadeira Gamer DT3 Gamma, Até 120 Kg, Com Almofadas, Reclinável, Descanso de Braço 3D, Preto - 13516-6;R$ 1.249,99
152;Cadeira Gamer DT3sports Elise, Pink - 11834-7;R$ 1.129,99
153;Cadeira Gamer Alpha Gamer Cygnus RGB - AGCYGNUS;R$ 939,99
154;Cadeira Gamer Vinik Rocket, 120kg, Ajuste de altura e inclinação Preto e Vermelho - CGR10PVM;R$ 639,99
155;Cadeira Gamer Draxen DN1, até 150 kg, RGB, Rodas de Silicone, Encosto Regulável, Almofadas para apoio, Preto;R$ 849,15
156;Cadeira Gamer Giratoria MX12 MyMax, Suporta 150Kg, Preto e Vermelho;R$ 806,65
157;Cadeira Gamer Alpha Gamer Polaris Racing Edition, Até 150Kg, Cilindro de Gás 4, Descanso de Braço 4D, Preto e Vermelho - AGPOLARISRE-BK-R;R$ 1.399,99
158;Cadeira Gamer Alpha Gamer Nimbus, Até 125 kg, Apoio de Braço 4D, Reclinável, Branco e Preto - AGNIMBUSBWHT;R$ 934,99
159;Cadeira Gamer Master V2 Giratória Reclinável Preta - Dxrace;R$ 3.049,92
160;Cadeira Gamer DT3 Nero XL, Até 160Kg, Com Almofada, Descanso de Braço 4D, Bubble - 13636-9;R$ 1.559,99
161;Cadeira Gamer ThunderX3 TGC12 EVO, Até 125Kg, com Almofadas, Cilindro de Gás, Vermelho - 76419;R$ 1.099,99
162;Cadeira DT3 Nero, Até 150kg,  Com Almofada, Reclinável, Descanso de Braço 4D, Preto e Azul  - 13548-1;R$ 1.439,99
163;Cadeira Gamer Noblechairs Hero, Black Gold - NBL-HRO-PU-GOL;R$ 2.399,99
164;Cadeira Gamer Husky Gaming Blizzard, Preto e Verde, Com Almofadas, Reclinável, Descanso de Braço 2D - HBL-BG;R$ 1.599,99
165;Cadeira Gamer Corsair TC200, Até 120Kg, Apoio de Braços 4D, Com Almofadas, Reclinável, Cilindro de Gás Classe 4, Cinza - CF-9010045-WW;R$ 1.879,99
166;Cadeira Gamer DT3 Elise, Até 130 Kg, com Almofadas, Reclinável, Preto e Vermelho - 13442-4;R$ 1.129,99
167;Cadeira Gamer Profissional ThunderX3 TGC12, Peso Suportado até 120Kg, Preto;R$ 1.095,65
168;Cadeira Gamer Noblechairs Epic, Até 120kg, com Almofadas, Branco - NBL-PU-WHT-001;R$ 2.399,99
169;Cadeira Gamer Noblechairs Hero, Black White - NBL-HRO-PU-BPW;R$ 2.349,99
170;Cadeira Gamer TC3 ThunderX3, Encosto Reclinável, Braço 2D, 125Kg, Preto - 72993;R$ 1.049,99
171;Cadeira Gamer ThunderX3 TGC12 EVO, Até 125Kg, com Almofadas, Cilindro de Gás, Rosa - 76423;R$ 1.149,99
172;Cadeira Gamer Alpha Gamer Polaris Racing Edition,  Até 150Kg, Cilindro de Gás 4, Descanso de Braço 4D, Preto e Verde - AGPOLARISRE-BK-GRN;R$ 1.399,99
173;Cadeira Gamer Husky Gaming Tactical, Digital Marpat, Com Almofadas, Reclinável, Descanso de Braço 2D - HTT-DM;R$ 1.099,99
174;Cadeira Gamer Mymax MX7, Até 150KG, Giratória, Preto Gold Edition;R$ 799,00
175;Cadeira Gamer Husky Gaming Blizzard 900, Preto e Azul, Com Almofadas, Reclinável com Sistema Frog, Descanso de Braço 3D - HGMA087;R$ 1.699,99
176;Cadeira Gamer Xt Racer Platinum W Series Cor:marrom;R$ 1.495,12
177;Cadeira Gamer Husky Gaming Blizzard 900, Preto e Amarelo, Com Almofadas, Reclinável com Sistema Frog, Descanso de Braço 3D - HGMA090;R$ 1.469,99
178;Cadeira Gamer Vinik Rocket, 120kg, Ajuste de altura e inclinação Branco e Rosa - CGR10BRS;R$ 639,99
179;Cadeira Gamer Alpha Gamer Polaris Racing Edition,  Até 150Kg, Cilindro de Gás 4, Descanso de Braço 4D, Preto - 5600413202906;R$ 1.499,99
180;Cadeira Gamer Noblechairs Hero, Black Red - NBL-HRO-PU-BRD;R$ 2.199,99
181;Cadeira Gamer Husky Gaming Blizzard 900, Preto e Vermelho, Com Almofadas, Reclinável com Sistema Frog, Descanso de Braço 3D - HGMA084;R$ 1.379,99
182;Cadeira Gamer Draxen DN2, Até 150kg, Com Almofadas, Reclinável, Descanso de Braço 2D, Preto e Azul Celeste - DN002-BLS;R$ 764,99
183;Cadeira Gamer DT3 Rhino Artemis, Até 150 Kg, Com Almofadas, Reclinável, Descanso de Braço 4D, Branco e Roxo - 13539-1;R$ 2.599,99
184;Cadeira Gamer Holt, Preta/Vermelha - Fortrek;R$ 668,86
185;Cadeira Gamer Noblechairs Hero, Black Blue - NBL-HRO-PU-BBL;R$ 2.399,99
186;Cadeira Gamer Husky Gaming Blizzard 970, cm Almofadas, Acabamento Alcantara, Reclinável com Sistema Frog, Cinza - HGMA132;R$ 1.749,99
187;Cadeira Gamer ThunderX3 TGC12, Até 150Kg, Reclinável, Com Almofadas, Gás Classe 4, Preto E Vermelho;R$ 994,00
188;Cadeira Gamer DT3 Elise Fabric, Até 130 Kg, Com Almofadas, Reclinável, Descanso de Braço 1D, Preto e Cinza - 13445-7;R$ 1.099,99
189;Cadeira Gamer Kids Em Couro Pu, Preta e Verde, Pelegrin - Pel-9353;R$ 509,38
190;Cadeira Gamer Alpha Gamer Alegra Fabric, Até 150 kg, Apoio de Braço 4D, Mecanismo Frog, Apoio Lombar Ajustável, Rosa - AGALEGRA-F-PK;R$ 1.899,99
191;Cadeira Gamer Noblechairs Epic Copper Limited Edition, Preta/Cobre - PGW-NB-EGC-016;R$ 2.099,99
192;Cadeira Gamer Mymax, Mx5, Até 150kg, Giratória Branco E Verde;R$ 679,15
193;Cadeira Gamer Sharkoon Elbrus 2, Black Red;R$ 1.099,99
194;Cadeira Gamer Sharkoon Elbrus 2, Black Green;R$ 1.189,99
195;Cadeira Gamer Mymax Mx12, Peso Máximo Suportado: 150kg, Giratória, Preto/Branco;R$ 806,65
196;Cadeira Gamer Holt Fortrek, Suporta até 120Kg, Preta;R$ 668,86
197;Cadeira Gamer Vênus Em Couro Reclinável E Giratória Preto;R$ 913,27
198;Cadeira Gamer XT Racer Viking, Com Apoio De Pés, Reclinável Ergonômica, Couro Sintético, Preto e Azul;R$ 1.299,00
199;Cadeira Gamer Elite V2 Dazz, Até 100kg, Preta, 62000148;R$ 494,22
200;Cadeira Gamer Fox Racer,  Até 130 Kg, RGB, Rosa, Com Iluminação LED;R$ 929,90
201;Cadeira Gamer Mymax, Com Almofadas, Braço 2D,  Cilindro de Gás Classe 3, Giratória, Preto e Vermelho - MX13;R$ 854,05
202;Cadeira Gamer Noblechairs EPIC, Black Gold - NBL-PU-GOL-002;R$ 2.329,99
203;Cadeira Gamer Mymax MX5, Até 150 Kg, Giratória, Branco e Azul;R$ 799,00
204;Cadeira Gamer Conthey Cinesis Xtreme, Até 150 Kg - N2159702;R$ 2.500,00
205;Cadeira Gamer XT Racer Viking Series, Até 120kg, Com Almofadas e Apoio de Pés, Reclinável, Descanso de Braço 3D, Preto e Branco - XTR-022;R$ 1.299,99
206;Cadeira gamer dt3sports royce tecido graphite 13337-7;R$ 3.297,87
207;Cadeira Gamer XT Racer Attack Com Apoio De Pés Reclinável Ergonômica Couro Sintético - Preto e Azul;R$ 1.299,00
208;Cadeira Gamer Sharkoon Shark Skiller SGS4 Black;R$ 2.599,99
209;Cadeira Gamer Husky Gaming Hailstorm 900, Preto, Com Almofadas, Reclinável com Sistema Frog, Descanso de Braço 3D - HGMA063;R$ 1.399,99
210;Cadeira Gamer ThunderX3 EC3, Até 120kg, com Almofadas, Preto e Vermelho - 67999;R$ 1.039,99
211;Cadeira Gamer XT Racer Platinum W, Com Apoio De Pés, Reclinável, Ergonômica, Azul;R$ 1.583,12
212;Cadeira Gamer Husky Gaming Hailstorm 900, Preto e Amarelo, Com Almofadas, Reclinável com Sistema Frog, Descanso de Braço 3D - HGMA091;R$ 1.299,99
213;Cadeira Gamer Raven X-30, Até 200Kg, com Almofadas, Descanso de Braço 4D, Reclinável, Trava de Inclinação, Preto e Amarelo - CDRV30PM;R$ 1.249,99
214;Cadeira Gamer Prizi Jx-1001b, Kombat, Capacidade de peso: 130 kg, Azul;R$ 1.048,90
215;Cadeira Gamer Fortrek Black Hawk, Black/Blue - 70512;R$ 989,99
216;Cadeira Gamer  Fortrek Vickers, Peso Suportado até 135Kg, Mecanismo Butterfly, Preto e vermelho - 70520;R$ 807,07
217;Cadeira Gamer Fox Racer, Até 130kgs, RGB, Com Iluminação LED, Ângulo de 180 Graus, Rosa;R$ 1.549,90
218;Cadeira Gamer Mymax , Com Almofadas, Braço 2D, Cilindro de Gás Classe 3, Giratória , Preto e Amarelo - MX13;R$ 764,15
219;Cadeira Gamer Alpha Gamer Zeta, Até 120 Kg, Preto e Vermelho - AGZETA-BK-R;R$ 939,99
220;Cadeira Gamer, XT Racer Defender,Reclinável Ergonômica, Tecido Polyester, Preto.;R$ 1.231,12
221;Cadeira Gamer Force One Essential 115, Até 90 kg, Preta;R$ 1.763,56
222;Cadeira Gamer Husky Gaming Avalanche 900, Preto, Com Almofadas, Reclinável com Sistema Frog, Descanso de Braço 3D - HGMA061;R$ 1.349,99
223;Cadeira Gamer Asus Rog Chariot Core SL300, Preto, Almofada Lombar, Braços 4D, Cilindro de Gás - 90GC00D0-MSG010;R$ 3.999,99
224;Cadeira Gamer Dazz Marvel Homem De Ferro, Encosto, Reclinável 180°, Construção Em Aço - 62000051;R$ 2.999,99
225;Cadeira Gamer MoobX Nitro Com Regulagem de Altura e Reclinação 180°;R$ 799,90
226;Cadeira Gamer ThunderX3 BC3 CAMO Military Green - 68835;R$ 1.144,99
227;Cadeira Gamer, Vinik Rocket, Branca Com Rosa - CGR10BRS;R$ 644,30
228;Cadeira Gamer Alien Healer, Suporta até 120Kg, Reclinável, Com Apoio de Pés, Preto/Verde;R$ 779,90
229;Cadeira Gamer Hoopson, Preta E Branca - CG-506;R$ 1.499,87
230;Cadeira Gamer Show De Cadeiras X Fusion C.123 rosa Escuro/preto;R$ 952,19
231;Cadeira Gamer Hoopson, Reclinável E Giratória - Hp-cg505;R$ 1.499,87
232;Cadeira Gamer Draxen DN2, Até 150kg, Com Almofadas, Reclinável, Descanso de Braço 2D, Preto e Vermelho - DN002/RD;R$ 684,99
233;Cadeira Gamer Racer X Comfort, Peso máximo suportado: 100 Kg, Cinza;R$ 803,65
234;Cadeira Gamer XT Racer Platinum W Series, Até 120kg, Com Almofadas, Reclinável, Descanso de Braço 3D, Marrom - XTR-016;R$ 1.514,99
235;Cadeira Gamer Pelegrin Em Couro Pu, Reclinável, Suporta Até 150Kg, Preto E Azul - Pel-3019;R$ 866,66
236;Cadeira Gamer Mymax, Até 150 Kg, Giratória, Preto e Azul - MX13;R$ 764,15
237;Cadeira Gamer Infantil Em Couro Pvc Pelegrin Pel-9354, até 60kg - Preto Com Amarelo;R$ 376,68
238;Cadeira Office Elements Lunari, Espuma D50, Mecanismo Frog, Cream;R$ 3.199,00
239;Mesa Gamer Escrivaninha, Tecno, Nicho - Preto e Verde;R$ 299,90
240;Cadeira Gamer Boxbit Atlético Mineiro Fanático, até 120Kg, Base Rodízio;R$ 669,38
241;Cadeira Gamer Reclinável Sparta Com 2 Almofadas Zidi;R$ 1.849,90
242;Cadeira Gamer Gallant, Altura Regulável, Preta/Vermelha -GCD10GPUA-VM;R$ 669,00
243;Cadeira Gamer Husky Gaming Blizzard 970,  com Almofadas, Acabamento Alcantara, Reclinável com Sistema Frog, Caramelo - HGMA133;R$ 1.649,99
244;Cadeira Gamer Vinik Comet Cgc10p, Até 120kg, Reclinável, Giratória Com Apoio De Braço 2D E Ajuste De Altura, Preta;R$ 747,15
245;Cadeira Gamer Dt3 Nero Graphite 13748-3, Revestimento Com Tecido, Braco 3d, Ajuste Altura E Inclinacao, U Unica;R$ 1.628,28
246;Cadeira Gamer OexGame Gc200, Até 100Kg, Altura Ajustável, Couro Sinético, Rosa E Preto;R$ 949,90
247;Kit Gamer Pelegrin Pel-008p Rosa E Cadeira Gamer Pelegrin Pel-3020 Rosa;R$ 2.142,66
248;Cadeira Gamer Office Giratória, Com Elevação A Gás, Extreme F03, Preto E Vermelho - Lyam Decor;R$ 874,90
249;Cadeira Gamer Mymax MX11, Até 150 Kg, Giratória, Preto E Vermelho;R$ 466,65
250;Cadeira Gamer Pcyes Mad Racer V8 Turbo, até 180kg, Inclinação 135º, ergonômica, estofado de poliéster  Vermelha - V8tbmadvm;R$ 1.295,42
251;Cadeira Gamer ThunderX3 DC3, Suporta Até 150Kg, Mecanismo de Borboleta, Preto E Ciano - 70624;R$ 1.349,87
252;Cadeira Gamer Cougar Gaming Argo One 3margos.0001;R$ 2.999,00
253;Cadeira Gamer Pcyes Mad Racer V8 Turbo Azul - V8tbmadaz;R$ 1.979,88
254;Cadeira Gamer Gallant Racer, Até 140 Kg, Giratória, Altura Regulável, Preta E Vermelha - GCD100RPUA-PT;R$ 1.125,00
255;Cadeira Gamer Husky Gaming Hailstorm 900, Preto e Vermelho, Com Almofadas, Reclinável com Sistema Frog, Descanso de Braço 3D - HGMA085;R$ 1.124,99
256;Cadeira Gamer Goldentec, GT Blue;R$ 749,00
257;Cadeira Gamer Racer X Comfort, Verde;R$ 803,65
258;Cadeira Gamer Profissional, Marvel, Hulk, Suporta até 150kg, Reclinável, Verde;R$ 715,90
259;Cadeira Gamer Mymax Mx12, Giratória, Preto/Verde;R$ 806,65
260;Cadeira Gamer Husky Gaming Blizzard 970,  com Almofadas, Acabamento Alcantara, Reclinável com Sistema Frog, Preto - HGMA135;R$ 1.749,99
261;Cadeira Gamer Racer X Comfort, Peso máximo suportado: 100 Kg, Azul Claro;R$ 803,00
262;Cadeira Gamer Fortrek Vickers, Black/Red - 70520;R$ 739,99
263;Cadeira Gamer Vinik Rocket, Preta Com Azul - Cgr10paz;R$ 715,89
264;Cadeira Gamer, XT Racer Draco, Reclinável Ergonômica, Tecido Polyester, Preto e Cinza.;R$ 2.023,12
265;Cadeira Gamer XT Racer Platinum W Com Apoio De Pés Reclinável Ergonômica - Rosa;R$ 1.407,12
266;Cadeira Gamer Galax Giratória Gc-01 Rgb, Preta - Rg01p4dby0;R$ 2.397,55
267;Cadeira Gamer Racer X, Reclinável, Cinza;R$ 793,00
268;Cadeira Gamer Stillus Ergonômica Com Apoio Para Os Pés - Preto;R$ 589,51
269;Cadeira Gamer Giratória Com Elevação, Office Black Hawk H01, Preto - Fortrek;R$ 1.259,90
270;Cadeira Gamer Healer Strike Reclinável Giratória, suporta até 120 kg, Rosa E Branco;R$ 1.222,92
271;Cadeira Gamer Dazz Prime-X, Peso Suportado até 250Kg, Apoio Para Braço, Pescoço E Lombar, Preto E Verde - 62000009;R$ 1.002,59
272;Cadeira Gamer XT Racer Draco, Até 130 Kg, Reclinável Ergonômica, Tecido Polyester, Preto;R$ 2.023,12
273;Cadeira Gamer Design Office, Linha Gamer Racing, Com Almofada, Regulavel, Verde Limão com Preto;R$ 4.299,00
274;Cadeira Gamer, Bw Racer Pro 10pr - Preta E Azul;R$ 950,00
275;Cadeira Gamer Infantil Em Couro Pvc Pelegrin Pel-9354, até 60kg - Preto Com Cinza;R$ 376,68
276;Cadeira Gamer Preta XT Racer Viking Reclinável Ergonômica Couro Sintético;R$ 1.199,00
277;Cadeira Gamer Pelegrin, Couro Pu, Preto E Azul - PEL-3006;R$ 682,92
278;Cadeira Gamer PCTop Racer, Peso Suportado até 120Kg, Reclinável, Descanso de pés, Preta e Azul - Se1006;R$ 652,50
279;Cadeira Gamer Rgb Com Led E Controle Remoto Healer, Suporta até 150Kg, Preta;R$ 1.323,68
280;Cadeira Gamer, Racer X Comfort - Rosa;R$ 803,00
281;Cadeira Boxbit Falcon, Em Tela Preta, Base Cromada Rodízio, Peso suportado: 120Kg;R$ 781,83
282;Cadeira Gamer Thunderx3 BC3, Peso Suportado até 150Kg, Base resistente de metal, Vermelha;R$ 1.078,65
283;Cadeira Gamer Racer X, Reclinável - Branca;R$ 793,00
284;Cadeira Gamer TC3 ThunderX3, Suporta até 150Kg, Bumblebee Yellow;R$ 1.405,85
285;Cadeira Gamer PlayerXTreme Executiva Escritório, PU, Vermelho;R$ 789,90
286;Cadeira Gamer Pelegrin Kids, Em Couro Pu, Preta e Cinza, - PEL-9353;R$ 509,38
287;Cadeira Gamer Mymax Mx1, Peso Suportado até 120Kg, Giratória, Preto E Rosa -  94013900;R$ 754,92
288;Cadeira Gamer Premium X-zone, Peso Suportado até 135Kg, Reclinável, Preta E Verde - Cgr 01;R$ 1.089,00
289;Cadeira Gamer Mymax Mx16, Giratória, Preto/Prata;R$ 849,15
290;Cadeira Gamer ELG Drakon, Peso Máx. Suportado 140Kg, Ajuste de altura com sistema Butterfly, Preto - Ch31bk;R$ 878,74
291;Cadeira Gamer TC3 ThunderX3, Suporta até 125Kg, All White;R$ 1.405,85
292;Cadeira Gamer Preta XT Racer Viking, Com Apoio De Pés, Reclinável Ergonômica, Couro Sintético;R$ 1.299,00
293;Cadeira Gamer Pctop Strike Preta - 1005;R$ 775,76
294;Cadeira Gamer Husky Gaming Hailstorm 900, Preto e Azul, Com Almofadas, Reclinável com Sistema Frog, Descanso de Braço 3D - HGMA088;R$ 1.299,99
295;Cadeira Gamer XT Racer Attack Reclinável Ergonômica Couro Sintético - Preto e Vermelho;R$ 1.099,00
296;Cadeira Gamer Fortrek Cruiser Black/Red - 70515;R$ 959,99
297;Kit - 02 Cadeiras Gamer Office, Giratória Com Elevação A Gás, BC3, Camuflado Verde Military - ThunderX3;R$ 3.594,90
298;Cadeira Gamer Dt3 Elise Fabric V2 13445-7, Cinza, Com Almofadas Reclinavel E Com Descanso De Braco, 1d U Unica;R$ 1.834,38
299;Cadeira Gamer, XT Racer Ergo Air, Reclinável Ergonômica,Mesh Respirável, Preto e Dourado.;R$ 1.583,12
300;Cadeira Gamer Pelegrin Pel-3009, Couro Pu - Preta E Vermelha;R$ 764,58
301;Cadeira Gamer XT Racer Platinum, Reclinável, Ergonômica, Tecido Mesh Respirável, Preto e Vermelho;R$ 1.319,12
302;Cadeira Gamer, XT Racer, Fire Gun, Reclinável Ergonômica, Couro sintético, Preto.;R$ 1.583,12
303;Cadeira Gamer Dazz Legacy Series, Preta E Salmao - 62000145;R$ 705,51
304;Cadeira Gamer Racer X Reclinável Preta;R$ 753,35
305;Cadeira Gamer Noblechairs Epic, Black Pink - NBL-PU-PNK-001;R$ 2.499,99
306;Cadeira Gamer Warrior Karna, Peso Suportado até 120Kg, Basculante, Giratória, Preta - Ga201;R$ 639,92
307;Cadeira Gamer Sakes, Peso Máximo Suportado (Kg): 100kg, Azul - INP21003;R$ 698,90
308;Cadeira Gamer, MoobX Profissional Thunder, Preto/Branco;R$ 1.299,00
309;Cadeira Gamer Prizi Verde - Pz1005;R$ 494,91
310;Cadeira Gamer, XT Racer Viking, Reclinável Ergonômica, Couro Sintético, Preto e Vermelho.;R$ 1.199,00
311;Cadeira Gamer PcTop Power, Peso Suportado até 120Kg, Mecanismo Borboleta, Preta e Verde - X-2555;R$ 750,00
312;Cadeira Gamer Giratória, Com Elevação A Gás, Office Blackfire H01, Preto E Vermelho - Fortrek;R$ 1.204,90
313;Cadeira Gamer Pcyes Mad Racer STI Master, Peso Suportado até 120Kg, Pistão a Gás, Azul - Madstimsaz;R$ 752,55
314;Cadeira Gamer XT Racer Taycan Com Apoio De Pés Reclinável Ergonômica Couro Sintético - Preto e Vermelho;R$ 1.319,12
315;Cadeira Gamer Mymax MX15, Até 150 Kg, Giratória, Preto e Azul;R$ 1.104,15
316;Cadeira Gamer Pelegrin, Até 150 Kg, Em Couro PU, Reclinável - PEL-3010;R$ 805,41
317;Cadeira Gamer Mymax Mx18, Até 150Kg, Giratória, Preta;R$ 849,15
318;Cadeira Dt3office Diana Black  peso máximo recomendado: 130kg;R$ 1.560,71
319;Cadeira Gamer, Xtreme Gamers, Cinesis Ny, até 120 Kgs, Reclinável, Braços Fixos, Preta E Branca;R$ 594,96
320;Cadeira Dxracer Master V2 (i238s-w-a3) Peso suportado: até 130kgs;R$ 3.545,59
321;Cadeira Gamer XT Racer Attack Reclinável Ergonômica Couro Sintético - Preto e Azul;R$ 1.099,00
322;Cadeira Gamer Pelegrin em Couro Pu, Reclinável, Suporta até 150Kg, Preta e Verde - Pel-3018;R$ 968,74
323;Cadeira Gamer Conthey Cinesis Xtreme, Até 150 Kg - N2159702;R$ 1.399,90
324;Cadeira Gamer Copa Do Mundo Qatar 2022 Edição Especial Preto Com Vermelho - Mt-2000 Bb1;R$ 988,90
325;Cadeira Gamer Copa Do Mundo Qatar 2022 Edição Especial Vermelho Com Branco - Dx-3000 Lx2;R$ 988,90
326;Cadeira Gamer Mymax MX0, Peso Suportado até 120Kg, Giratória, Preto - mgch-mx0/bk;R$ 381,65
327;Cadeira Gamer Fortrek Black Hawk, Suporta Até 140Kg, Apoio Ajustável Bi-Direcional, Preto - 70508;R$ 830,52
328;Cadeira Gamer Racer X Comfort, Vermelha, Peso máximo suportado: 100 Kg;R$ 803,65
329;Cadeira Gamer, MX11, Giratória, Preto E Roxo, Mymax;R$ 466,65
330;Cadeira Gamer Motospeed Hyrax Rosa - Hcd300p;R$ 699,00
331;Cadeira Gamer Maxoffice DN2, Até 150 Kg, Preto e Vermelho, Draxen;R$ 764,15
332;Cadeira Gamer, XT Racer Defender, Reclinável Ergonômica, Tecido Polyester, Preto e Vermelho.;R$ 1.231,12
333;Cadeira Gamer Pcyes Mad Racer V8 Turbo, Peso Suportado até 180Kg, Função Relax, Preta - V8tbmadpt;R$ 1.208,03
334;Cadeira Gamer Pcyes Mad Racer V8 Turbo, Peso Suportado até 180Kg, Função Relax, Branca - V8tbmadpt;R$ 1.306,44
335;Cadeira Gamer Pelegrin Pel-3009, Couro PU - Preta, Vermelha E Azul;R$ 764,58
336;Cadeira Gamer, Goldentec, GT Black, Até 120 Kg, Com Almofadas;R$ 1.299,90
337;Cadeira Gamer X­rocker Dazz;R$ 614,90
338;Cadeira Gamer Escritório Cougar Fusion S, Preta E Laranja;R$ 922,25
339;Cadeira Gamer XT Racer Viking, Com Apoio de Pés, Reclinável, Ergonômica, Couro Sintético, Preto e Branco;R$ 1.299,00
340;Cadeira Gamer Draxen DN2, Até 150kg, Com Almofadas, Reclinável, Descanso de Braço 2D, Preto e Azul - DN002/BL;R$ 764,99
341;Cadeira Gamer Alpha Gamer Vega, Até 130Kg, Cilindro de Gás 4, Braço Ajustável, Preto e Verde;R$ 839,99
342;Cadeira Gamer Pelegrin, Até 150 Kg, Em Couro Pu, Reclinável, Preta e Vermelha - PEL-3019;R$ 866,66
343;Cadeira Gamer Brazil PC Júpiter, Em Couro, Reclinável E Giratória, Castanho E Caramelo;R$ 1.059,90
344;Cadeira Gamer Alpha Gamer Alegra Fabric, Até 150 kg, Apoio de Braço 4D, Mecanismo Frog, Apoio Lombar Ajustável, Azul - AGALEGRA-F-BL;R$ 1.799,99
345;Cadeira Gamer Husky Gaming Blizzard 970,  com Almofadas, Acabamento Alcantara, Reclinável com Sistema Frog, Preto e Branco - HGMA136;R$ 1.749,99
346;Cadeira Gamer Pelegrin Pel-3015, Em Couro PU, Reclinável - Preta E Vermelha;R$ 713,54
347;Cadeira Gamer Boxbit  Atlético Mineiro Invicto, Até 120 Kg, Base Rodízio;R$ 1.071,00
348;Cadeira Gamer PCTop Spider, Peso Suportado até 150Kg, Reclinável, Tricolor - X-2577;R$ 719,90
349;Cadeira Gamer ThunderX3 EC3, Peso Suportado até 150Kg, Ajustável, Ciano E Preto - 68000;R$ 1.099,90
350;Cadeira Gamer Office Giratória, Com Elevação A Gás, BC3, H01 Camuflado - Thunderx3;R$ 1.889,90
351;Cadeira Gamer XT Racer Attack, 120Kg, Com Apoio De Pés, Reclinável, Ergonômica, Couro Sintético, Preto e Prata;R$ 1.299,00
352;Cadeira Gamer New WG-02, Branco;R$ 614,88
353;Cadeira Gamer Sharkoon Elbrus 2, Black Blue;R$ 1.099,99
354;Cadeira Gamer Infantil Em Couro Pvc Pelegrin Pel-9354, até 60kg - Preto Com Azul;R$ 376,68
355;Cadeira Gamer, Modelo Outrider S Royal - Ref.3mournxb.0001;R$ 1.703,45
356;Cadeira Gamer Pelegrin Pel-3006, Suporta Até 150Kg, Em Couro Pu, Preto e Verde;R$ 682,92
357;Cadeira Gamer XT Racer Taycan Com Apoio De Pés Reclinável Ergonômica Couro Sintético - Preto e Cinza;R$ 1.319,12
358;Cadeira Gamer Fortrek Blackfire, Suporta até 120Kg, Preta/Vermelha;R$ 661,35
359;Cadeira Gamer Thunderx3 EC1, Peso Suportado até 150Kg, AIR Tech, Preto;R$ 793,17
360;Cadeira Gamer XT Racer Viking, Com Apoio De Pés Reclinável, Ergonômica, Couro Sintético, Preto e Amarelo;R$ 1.299,00
361;Cadeira Gamer Bright - 601;R$ 799,00
362;Cadeira Gamer Prizi, PZ1005, Suporta Até 120kg, Vermelha;R$ 439,00
363;Cadeira Gamer Sharkoon Skiller SGS40, 150kg, Braço 4D, Preto;R$ 1.799,99
364;Cadeira Gamer XT Racer Taycan, Peso Suportado até 130Kg, Com Apoio De Pés, Reclinável, Ergonômica, Couro Sintético - Preto;R$ 1.499,00
365;Cadeira Gamer Infantil Em Couro Pvc Pelegrin Pel-9354, até 60kg - Preto Com Vermelho;R$ 376,68
366;Cadeira, Dt3sports, Elise, Pink;R$ 1.451,82
367;Cadeira Gamer Sakes, Vermelha - INP21001;R$ 555,90
368;Cadeira Gamer DT3 Sports Rhino Fabric, com Almofada, Reclinável, Apoio de Braço 4D, Cool Black - 13292-7;R$ 2.599,99
369;Cadeira Gamer PlayerXTreme Executiva Escritório, PU, Peso Suportado: 120 Kg, Azul;R$ 789,90
370;Cadeira Gamer Acer Predator Rift Lite 2ª Gen, Até 110 kg, Reclinável, Preto e Azul - gp.gcr11.00n;R$ 1.299,00
371;Cadeira Gamer Sharkoon Skiller SGS2 Black Red;R$ 1.067,99
372;Cadeira Gamer, MX11, Giratória, Preto E Azul, Mymax;R$ 466,65
373;Cadeira Gamer Husky Gaming KaBuM eSport, Preto e Laranja, Com Almofadas, Reclinável, Descanso de Braço 3D - HKE-BO;R$ 899,99
374;Cadeira Gamer Warrior Tongea, Até 120 Kg, Verde - GA160;R$ 828,40
375;Cadeira Gamer Racer X, Reclinável, Peso máximo suportado: 130 Kg, Azul;R$ 793,00
376;Cadeira Gamer, Júpiter, Em Couro, Reclinável E Giratória - Vermelha;R$ 1.070,17
377;Cadeira Presidente Gamer, em Couro Pu, Preta e Azul, Pelegrin - Pel-3002;R$ 866,66
378;Cadeira Gamer Husky Gaming Polar, Preto e Branco, Cilindro de Gás Classe 3, Base em Nylon, Roda em Nylon - HPO-BW;R$ 499,99
379;Cadeira Gamer Pelegrin, Até 150 Kg, Em Couro PU, Reclinável, Preta E Azul - PEL-3015;R$ 713,54
380;Cadeira Gamer Thunderx3 BC3 CAMO/AZ Admiral, Peso Suportado até 120Kg, Ergonômica, Reclinável, Camuflada;R$ 1.331,86
381;Cadeira Gamer Thunderx3 Ec1, Suporta Até 120kg, Cilindro De Gás, Almofadas, Preto E Branco - 78234;R$ 793,17
382;Cadeira Gamer Profissional Marvel, Homem De Ferro, Reclinável, Suporta 150kg, Vinho - Homem De Ferro;R$ 851,90
383;Cadeira Gamer XT Racer Attack Reclinável Ergonômica Couro Sintético - Preto e Prata;R$ 967,12
384;Cadeira Gamer Husky Gaming Avalanche 900, Preto e Amarelo, Com Almofadas, Reclinável com Sistema Frog, Descanso de Braço 3D - HGMA089;R$ 1.249,99
385;Cadeira Gamer Alpha Gamer Nimbus, Até 125 kg, Apoio de Braço 4D, Reclinável, Preto e Vermelho - AGNIMBUSBKRED;R$ 899,99
386;Cadeira Gamer Dt3 Elise Fabric V2 13444-6, Azul, Com Almofadas Reclinavel E Com Descanso De Braco, 1d U Unica;R$ 1.452,16
387;Cadeira Gamer, XT Racer Taycan, Escritório, Ergonômica, Reclinável, Couro Sintético, Preto;R$ 1.231,12
388;Cadeira Gamer Sharkoon Skiller SGS2 Black Blue;R$ 999,99
389;Cadeira Office Elements Lunari, Espuma D50, Mecanismo Frog, Grey;R$ 4.255,81
390;Cadeira Gamer OEX Game Gc300, Peso Suportado até 180Kg, Mecanismo padrão Borboleta, Preto e Cinza;R$ 1.649,90
391;Cadeira Gamer PCTop Top, Preta e Vermelha - SE1022;R$ 589,90
392;Cadeira Gamer, Galax, GC-01 RGB - Preto;R$ 2.772,04
393;Cadeira Gamer XT Racer Draco, Até 130 Kg, Reclinável Ergonômica, Tecido Polyester, Preto e Dourado;R$ 2.023,12
394;Cadeira Gamer Boxbit Palmeiras Invicto Base Rodízio, Peso suportado: 120Kg;R$ 1.071,00
395;Cadeira Gamer Cruiser Fortrek, Suporta até 135Kg, Preta/Azul;R$ 1.036,15
396;Cadeira Gamer Mymax Mx17, 150kg, Giratória, Preto;R$ 849,15
397;Cadeira Gamer Racer X Comfort, Branca, Peso máximo suportado: 100 Kg;R$ 803,65
398;Cadeira Gamer Alpha Gamer Zeta Black Blue - AGZETA-BK-BL;R$ 849,99
399;Cadeira Gamer Greatek Giratória, Até 150Kg, Estofada, Preta;R$ 629,90
400;Cadeira Gamer PcTop, Azul - Se1022;R$ 689,90
401;Cadeira Gamer XT Racer Draco, Dolce Gusto, Preto + Cafeteira Genio S Plus - Grátis;R$ 2.023,12
402;Cadeira Gamer Xt Racer Platinum W Series Cor:vinho;R$ 1.407,12
403;Cadeira Gamer, Redragon Coeus, Preta/vermelha - C201-br;R$ 1.531,05
404;Cadeira Gamer Eaglex Pro Reclinável, Até 150 Kg, Vermelho;R$ 799,90
405;Cadeira Gamer Em Couro PU, Reclinável - PEL-C215;R$ 815,62
406;Cadeira Gamer Tr-max, Até 120 Kg, de Couro, Giratória, Ajustável - Branca;R$ 1.055,70
407;Cadeira Gamer Thunderx3 BC7 Larger, Peso Suportado até 150Kg, Almofadas de pescoço e lombar, Preto E Ciano;R$ 2.024,86
408;Cadeira Gamer Gallant Pro, Até 140 Kg, Giratória, Altura Regulável, Preto e Vermelho;R$ 899,00
409;Cadeira Gamer Pelegrin, Em Couro PU, Reclinável, Preta E Vermelha - PEL-3003;R$ 1.203,52
410;Cadeira Gamer Escritório Cougar Fusion Sf,Preta E Laranja;R$ 891,65
411;Cadeira Gamer ThunderX3 Black Hawk, Peso Suportado até 150Kg, Tecnologia Air Tech, Cinza - BC3 CAMOe CZ;R$ 1.213,63
412;Cadeira Gamer Pelegrin Pel-3023 Reclinável Com Led Preta;R$ 1.019,78
413;Cadeira Gamer New, Até 120 Kg, Verde - WG-02;R$ 614,88
414;Cadeira Gamer Husky Gaming Blizzard 970, com Almofadas, Acabamento Alcantara, Reclinável com Sistema Frog, Creme e Vermelho  - HGMA134;R$ 1.549,99
415;Cadeira Gamer ThanderX3 DC3, Suporta até 150Kg, Preta/Vermelha;R$ 1.479,85
416;Cadeira Gamer Boxbit Palmeiras Fanático Peso suportado: 120Kg, Base Rodízio;R$ 669,38
417;Cadeira Gamer Pelegrin, Preta E Cinza - PEL-3011;R$ 805,41
418;Cadeira Gamer Rocket, Peso Suportado até 150Kg, Ajuste de altura, Preto e Verde - Cgr10pvd;R$ 754,65
419;Cadeira Gamer Racer X, Reclinável, Vermelha, Peso máximo suportado: 130 Kg;R$ 793,00
420;Cadeira Gamer Fox Racer,  Até 130 Kg, RGB, Rosa, Com Iluminação LED;R$ 929,90
421;Cadeira Gamer Thunderx3 Tgc12, Evo Edição Limitada, até 125 kg, Ergonômica, Braço Bidirecional, Azul;R$ 1.214,86
422;Cadeira Gamer PCTop Deluxe, Peso Suportado até 150Kg, Preta e Vermelha - X-2521;R$ 744,90
423;kit 2 Cadeiras Gamer PlayerXTreme Executiva Escritório, PU, Vermelho;R$ 1.579,90
424;Cadeira Gamer Noblechairs EPIC Leather, Black White Red - NBL-RL-EPC-001;R$ 3.899,99
425;Cadeira Gamer Racer X, Reclinável Hype, Com LED RGB, Peso máximo suportado: 145 Kg;R$ 1.178,00
426;Cadeira Gamer X Fusion, Suporta até 120Kg, Rosa - C.123;R$ 1.190,29
427;Cadeira Gamer Profissional ThunderX3 TGC12, Peso Suportado até 120Kg, Preta e Azul;R$ 1.214,86
428;Cadeira Gamer Boxbit São Paulo SPFC Invicto, até 120Kg, Base Rodízio, reclina até 170 graus, com almofadas;R$ 1.071,00
429;Cadeira Gamer Hibrida -gchyb1-bk30th Cooler Master1 Ergo 30th Anniversary Edition Cmi;R$ 2.723,16
430;Cadeira Gamer Thunderx3 Tgc12, Evo Edição Limitada, até 125 kg, Ergonômica, Braço Bidirecional, Vermelha;R$ 1.276,62
431;Cadeira Gamer PCTop Racer, Peso Suportado até 120Kg, Reclinável, Descanso de pés, Preta e Vermelha - Se1006;R$ 603,00
432;Cadeira Gamer PCTop Power, Peso Suportado até 150Kg, Preta e Vermelha - X-2555;R$ 739,90
433;Cadeira Gamer Alpha Gamer Vega, Até 150Kg, Cilindro de Gás 4,  Braço Ajustável, Preto e Laranja;R$ 834,99
434;Cadeira Gamer Dazz Série M, Rosa - 625170;R$ 1.852,99
435;Cadeira Gamer Asus ROG Chariot, Aura RGB, Braço 4D, Preto - SL300C;R$ 6.624,99
436;Cadeira Gamer Pelegrin, Couro Pu, Preto E Vermelha - PEL-3006;R$ 682,92
437;Cadeira Gamer Dust, Com Apoio Para As Pernas Retrátil, Preta;R$ 858,42
438;Cadeira Gamer Profissional Dc Superman Reclinável Suporta Até 150kg Azul;R$ 851,90
439;Cadeira, Dt3sports, Elise, Blue;R$ 1.565,71
440;Cadeira Gamer XT Racer Viking, Reclinável, Ergonômica, Couro Sintético, Rosa e Branco;R$ 1.199,00
441;Cadeira Gamer Greatek Reclinável, Até 150Kg, Estofada, Roxa e Preta;R$ 949,00
442;Cadeira Gamer Profissional Marvel Thanos, Reclinável, Suporta Até 150kg, Azul;R$ 851,90
443;Cadeira Gamer Cooler Master Caliber R2 Roxa - Cmi-gcr2-2019;R$ 1.857,40
444;Pistão A Gás 120Mm, Reforçado, Preto;R$ 115,00
445;Cadeira Gamer XT Racer Viking, Reclinável, Ergonômica, Couro Sintético, Preto e Branco;R$ 1.199,00
446;Cadeira Gamer XT Racer Viking, Reclinável, Ergonômica, Couro Sintético, Preto e Azul;R$ 1.199,00
447;Cadeira Gamer Fortrek Black Hawk, Peso Suportado até 140Kg, Altura Ajustável, Preto e Vermelho;R$ 907,07
448;Cadeira Gamer Gallant Pro Giratória, Altura Regulável, Preta - GCD10GPUB-AZ;R$ 869,00
449;Cadeira Gamer XT Racer Armor X1 Series Reclinável Ergonômica Couro Sintético Preto;R$ 1.399,00
450;Cadeira Gamer Fortrek Black Hawk, Peso Suportado até 140Kg, Espuma moldada por injeção, Preta e Rosa - Fkcrpp;R$ 1.119,84
451;Cadeira Gamer DT3Sports Elise Fabric, Suporta até 130Kg, Azul;R$ 1.492,91
452;Cadeira Gamer Dazz Special Forces Selva, Até 120Kg, Com Almofadas De Apoio, Camuflada - 62000071;R$ 950,31
453;Cadeira Gamer, XT Racer Defender, Reclinável Ergonômica, Tecido Polyester, Preto e Rosa.;R$ 1.231,12
454;Cadeira Gamer Xt Racer Platinum W Series Cor:branco;R$ 1.799,00
455;Cadeira Gamer ThunderX3 TC3, Suporta Até 150Kg, All Black;R$ 1.242,00
456;Cadeira Gamer São Paulo SPFC Fanático Boxbit Base Rodízio;R$ 669,38
457;Cadeira Gamer Giratória Com Elevação A Gás 02 Almofadas De Apoio Cruiser H01 Preto - Fortrek;R$ 1.454,90
458;Cadeira Gamer Star Game WG-03, Reclinável, Suporta até 120 kg, Vermelha e Preta;R$ 805,50
459;Cadeira Gamer, XT Racer Defender, Reclinável Ergonômica, Tecido Polyester Preto e Cinza.;R$ 1.231,12
460;Cadeira Gamer Pelegrin, Reclinável, Preta E Cinza - PEL-3018;R$ 968,74
461;Cadeira Gamer ThunderX3 DC3, Suporta até 150Kg, Preta;R$ 1.319,62
462;Cadeira Gamer Mymax Mx15 Giratoria Peso Máximo Suportado: 150 Kg, Preto;R$ 1.104,15
463;Cadeira Gamer Pelegrin Pel-3019, Suporta até 150Kg, em Couro Pu, Encosto reclinável com trava, com almofadas, Preta;R$ 866,66
464;Cadeira Gamer Fortrek Vickers, Preta;R$ 940,09
465;Cadeira Gamer, Fifa Qatar 2022, Checkpoint, Vermelho Com Branco - MT-2000 BW1;R$ 988,90
466;Cadeira Gamer Racer X Comfort, Azul.;R$ 803,65
467;Cadeira Gamer, XT Racer Viking, Com Apoio De Pés Reclinável, Ergonômica, Couro Sintético, Preto e Vermelho.;R$ 1.299,00
468;Cadeira Gamer ThunderX3 EC3, Suporta até 150Kg, Preta/Vermelha;R$ 1.321,98
469;Cadeira Gamer Comet Vinik, Branca, Ergonômica, Reclinável Com Apoio De Braço 2d E Ajuste De Altura;R$ 870,88
470;Cadeira Gamer XT Racer Attack Com Apoio De Pés Reclinável Ergonômica Couro Sintético - Preto e Vermelho;R$ 1.299,00
471;Cadeira Gamer Evolut Eg-904 Lite - Verde;R$ 1.499,99
472;Cadeira Gamer Eg904 Lite Vermelha Evolut;R$ 1.499,99
473;Cadeira Gamer Para Escritório, Linha Gamer Racing, Branco;R$ 4.125,71
474;Cadeira Gamer Para Escritório, Linha Gamer Racing, Cinza;R$ 4.125,71
475;Cadeira Gamer Para Escritório, Linha Gamer Racing, Bege;R$ 4.125,71
476;Cadeira Gamer Para Escritório, Linha Gamer Racing, Marrom;R$ 4.125,71
477;Cadeira Gamer Para Escritório, Linha Gamer Racing, Verde;R$ 4.125,71
478;Cadeira Gamer, Interlocutor, Linha Gamer Racing - Amarelo;R$ 3.593,36
479;Cadeira Gamer Para Escritório, Linha Gamer Racing, Rosa;R$ 4.125,71
480;Cadeira Gamer Para Escritório, Linha Gamer Racing, Amarelo;R$ 4.125,71
481;Cadeira Gamer Para Escritório, Linha Gamer Racing, Vermelho;R$ 4.125,71
482;Cadeira Gamer Design Office Móveis Interlocutor Linha Gamer Racing, Peso recomendado: até 120 kg, Rosa;R$ 3.593,36
483;Cadeira Gamer Akracing K7 Wide, Red, Reclinável 12º, Com Almofadas, Cilindro De Gás Classe 4;R$ 2.296,73
484;Cadeira Gamer Design Office Móveis Para Escritório Linha Gamer Cagliari Rosa;R$ 2.750,00
485;Cadeira Gamer Design Office, Linha Gamer Racing, Com Almofada, Regulavel, Telha com Preto;R$ 4.299,00
486;Cadeira Gamer Design Office, Linha Gamer Racing, Com Almofada, Regulavel, Rosa Claro com Preto;R$ 4.299,00
487;Cadeira Gamer Design Office Diretor, Linha Gamer Racing, ate 110 Kg, Sem Almofada, Rosa Claro com Preto;R$ 3.593,36
488;Cadeira Gamer Design Office, Linha Gamer Racing, Com Almofada, Regulavel, Laranja com Preto;R$ 4.299,00
489;Cadeira Gamer Design Office, Linha Gamer Racing, Com Almofada, Regulável, Vermelho com Preto;R$ 4.299,00
490;Cadeira Gamer Design Office, Linha Gamer Racing, Com Almofada, Regulavel, Bege com Preto;R$ 4.299,00
491;Cadeira Presidente Gamer, Em Couro Pu, Preta e Vermelho, Pelegrin - Pel-3002;R$ 866,66
492;Cadeira Gamer Pelegrin Pel-3015, Em Couro PU, Reclinável - Preta E Verde;R$ 713,54
493;Cadeira Gamer Pelegrin, Em Couro PU, Reclinável, Preta E Azul - PEL-3003;R$ 1.203,52
494;Cadeira Gamer Pelegrin Em Couro Pu, Reclinável, Preta E Vermelha - PEL-3013;R$ 917,70
495;Cadeira Gamer Clanm,Jungle Preta E Azul;R$ 1.224,42
496;Cadeira Gamer  Clanm,Preta E Cinza Mount;R$ 1.481,10
497;Cadeira Gamer, Bw Diamond 10di - Preta;R$ 1.260,00
498;Cadeira Gamer Dazz Marvel Homem Aranha, Encosto Reclinável 180 graus - Construção Em Aço - 62000052;R$ 2.999,99
499;Cadeira Gamer Maxracer Aggressive Azul, Suporta até 150 Kg.;R$ 1.300,00
500;Cadeira Gamer, Bw Racer Pro 10pr - Preta E Cinza;R$ 950,00
501;Cadeira Gamer, Pro Facthus - Preta/vermelha;R$ 1.399,90
502;Cadeira Gamer Cooler Master, Caliber R1- Preto e Roxo, Cmi-gcr1 2018.;R$ 1.475,39
503;Cadeira Gamer Cooler Master Caliber R1s - Camo Sakura Edição Especial, Suporta: 150kg;R$ 1.651,00
504;Cadeira Gamer Aerocool Air All Black, Preto - Ac40c;R$ 934,15
505;Cadeira Gamer Thunderx3 Ec3, até 125 kg, com almofadas, Ajustável, Air Tech, Laranja;R$ 1.214,86
506;Cadeira Gamer Dt3 Sports Girl Power V2,Com Almofadas Reclinavel Descanso De Braco, 1d+ Branco E Rosa, U Unica;R$ 1.265,11
507;Cadeira Gamer Dt3 Sports Elise Flamengo V2 13510-0, Branco E Vermelho, Suporta Ate 130kg, Braco 1d+ Encosto Reclinavel U Unica;R$ 1.265,11
508;Cadeira Dt3office Celeste Black Peso máximo recomendado  120kg cilindro classe 3.85mm;R$ 1.099,42
509;Cadeira Gamer Bw Racer Pro 10pr Modelo Bw Pro:preta E Vermelha;R$ 950,00
510;Cadeira Gamer Dt3 Elise Fabric V2 13446-8, Vermelho, Com Almofadas Reclinavel E Com Descanso De Braco, 1d U Unica;R$ 1.484,83
511;Cadeira Gamer Gxt 707r Resto Gaming Trust;R$ 1.529,90
512;Cadeira Gamer, Eaglex S1, Giratória, Vermelha;R$ 599,90
513;Cadeira Gamer Mymax Mx15, Giratória, Preto/Vermelho;R$ 1.104,15
514;Cadeira Thunderx3 Tc3, até 125 kg, Rotação de 360 grau, Azure Blue;R$ 1.405,85
515;Cadeira Gamer Dt3 Sports Elise V2 13436-7 Preta Com Almofadas E Reclinavel U Unica Unica;R$ 1.378,65
516;Cadeira Gamer MoobX Thunder, Peso Suportado até 125Kg, Braços Reguláveis 2D, e Regulagem De Altura, Preto e Azul;R$ 1.104,15
517;Kit - Cadeira Gamer Fox Racer Nordic, Até 125Kg, Encosto Ajustável + Copo Térmico Fox Stainless;R$ 799,00
518;Cadeira Gamer Design Office Móveis Interlocutor Linha Gamer Racing, Peso recomendado: até 120 kg, Vermelho;R$ 3.593,36
519;Cadeira Gamer Design Office Móveis Interlocutor Linha Gamer Racing, Peso recomendado: até 120 kg, Verde;R$ 3.593,36
520;Cadeira Gamer Design Office Móveis Interlocutor Linha Gamer Racing, Peso recomendado: até 120 kg, Verde;R$ 3.593,36
521;Cadeira Gamer Design Office Diretor, Linha Gamer Racing, ate 110 Kg, Sem Almofada, Verde com Preto;R$ 3.593,36
522;Cadeira Gamer Design Office Diretor, Linha Gamer Racing, ate 110 Kg, Sem Almofada, Marrom com Preto;R$ 3.593,36
523;Cadeira Gamer Design Office, Linha Gamer Racing, Com Almofada, Regulavel, Marrom com Preto;R$ 4.299,00
524;Cadeira Gamer Design Office Diretor, Linha Gamer Racing, ate 110 Kg, Sem Almofada, Vermelho com Preto;R$ 3.593,36
525;Cadeira Gamer Design Office Diretor, Linha Gamer Racing, ate 110 Kg, Sem Almofada, Azul Claro com Preto;R$ 3.593,36
526;Cadeira Gamer Design Office Diretor, Linha Gamer Racing, ate 110 Kg, Sem Almofada, Cinza Claro com Preto;R$ 3.593,36
527;Cadeira Gamer Design Office Diretor, Linha Gamer Racing, ate 110 Kg, Sem Almofada, Verde Limão com Preto;R$ 3.593,36
528;Cadeira Gamer, Giratória, Linha Gamer Racing - Amarelo;R$ 4.125,71
529;Cadeira Gamer Para Escritório, Linha Gamer Racing, Azul;R$ 4.125,71
530;Cadeira Gamer Para Escritório, Linha Gamer Racing, Verde;R$ 4.125,71
531;Cadeira Gamer, Giratória Com Braço, Linha Gamer Racing - Azul;R$ 4.125,71
532;Cadeira Gamer Design Office Móveis Para Home Office Linha Gamer Blenda Azul;R$ 2.345,00
533;Cadeira Gamer Para Escritório, Linha Gamer Racing, Verde;R$ 4.125,71
534;Cadeira Gamer, Interlocutor, Linha Gamer Racing - Marrom;R$ 3.593,36
535;Cadeira Gamer, Interlocutor, Linha Gamer Racing - Branco;R$ 3.593,36
536;Cadeira Gamer, Giratória Com Braço, Linha Gamer, Racing Azul - Vermelho;R$ 4.125,71
537;Cadeira Gamer, Interlocutor, Linha Gamer Racing - Cinza;R$ 3.593,36
538;Cadeira Gamer Evolut Prism, Até 135Kg, Cinza E Amarelo - Eg-910;R$ 909,99
539;Cadeira Gamer Overseas Overx Pro Opt, Até 120Kg, Ergonômica/Giratória, Preto E Vermelho;R$ 1.099,90
540;Cadeira Gamer OverX Pro Opt, Até 120Kg, Ergonômica, Giratória, Preto E Azul;R$ 1.099,90
541;Cadeira Gamer, Xtreme Gamers, Maximum, até 120 Kgs, Reclinável, Braços Fixos, Preta E Vermelha;R$ 1.610,90
542;Cadeira Gamer Pelegrin, Em Couro PU, Reclinável, Preta E Vermelha - PEL-3012;R$ 1.142,28
543;Cadeira Gamer Pelegrin, Reclinável, Preta E Vermelha - PEL-3018;R$ 968,74
544;Cadeira Gamer Pelegrin, Couro Pu Preta, Vermelha E Cinza - PEL-3009;R$ 764,58
545;Cadeira Gamer Executiva Escritório Gran Belo Kenpachi Pu Sintético, Vermelho G24;R$ 789,90
546;Cadeira Gamer Cougar Armor Elite, Até 120Kg - 3meliorb.0001;R$ 1.379,50
547;Cadeira Gamer Gamdias Zelus E3 Weave L Gb, até 120kg, C/ Apoio De Braço, Cinza/preto;R$ 894,76
548;Cadeira Gamer Kids, Em Couro Pu, Preta e Azul, Pelegrin - Pel-9353;R$ 509,38
549;Cadeira Gamer XT Racer Platinum, Reclinável, Ergonômica, Tecido Mesh Respirável, Preto e Verde;R$ 1.319,12
550;Cadeira Gamer Dt3 Sports Romeo Tecido, Blue - 13792-2;R$ 1.599,90
551;Cadeira Gamer Dt3 Sports Tanoshii V2 13435-6, Preto E Azul, Suporta Ate 130kg Braco 1d+ Encosto Reclinavel, U Unica;R$ 1.335,40
552;Cadeira Gamer Cougar Armor Elite Royal, Até 120Kg - 3meliglb.0001;R$ 1.335,40
553;Cadeira Thunderx3 Tc3, até 125 kg, Rotação de 360 grau, Sakura White;R$ 1.255,36
554;Cadeira Gamer Thunderx3 Ec1, Suporta Até 120kg, Cilindro De Gás, Almofadas, Preto E Rosa - 78233;R$ 793,17
555;Cadeira Gamer Concórdia Ac-8069 suporta até 120kg Reclinável Com Detalhes Em Vermelho;R$ 736,25
556;Cadeira Gamer Dazz Legacy Series - Preto/Purple;R$ 705,51
557;Cadeira Gamer Elg Racing Ch03rd;R$ 798,31
558;Cadeira Gamer Design Office Móveis Interlocutor Linha Gamer Racing, Peso recomendado: até 120 kg, Verde;R$ 3.593,36
559;Cadeira Gamer Design Office, Linha Gamer Racing, Com Almofada, Regulavel, Rosa Pink com Preto;R$ 4.299,00
560;Cadeira Gamer Para Escritório, Linha Gamer Racing, Vermelho;R$ 4.125,71
561;Cadeira Gamer Design Office Móveis Interlocutor Linha Gamer Racing, Peso recomendado: até 120 kg, Verde;R$ 3.593,36
562;Cadeira Gamer Design Office, Linha Gamer Racing, Com Almofada, Regulavel, Cinza com Preto;R$ 4.299,00
563;Cadeira Gamer Design Office Diretor, Linha Gamer Racing, ate 110 Kg, Sem Almofada, Preto com Preto;R$ 3.593,36
564;Cadeira Gamer Design Office Diretor, Linha Gamer Racing, ate 110 Kg, Sem Almofada, Verde Água com Preto;R$ 3.593,36
565;Cadeira Gamer Design Office, Linha Gamer Racing, Com Almofada, Regulavel, Azul Claro com Preto;R$ 4.299,00
566;Cadeira Gamer Design Office, Linha Gamer Racing, Com Almofada, Regulavel, Roxo com Preto;R$ 4.299,00
567;Cadeira Gamer Design Office, Linha Gamer Racing, Com Almofada, Regulavel, Rosa Pink com Preto;R$ 4.299,00
568;Cadeira Gamer Design Office Diretor, Linha Gamer Racing, ate 110 Kg, Sem Almofada, Vinho com Preto;R$ 3.593,36
569;Cadeira Gamer Design Office, Linha Gamer Racing, Com Almofada, Regulavel, Verde Água com Preto;R$ 4.299,00
570;Cadeira Gamer Para Escritório, Linha Gamer Racing, Vermelho;R$ 4.125,71
571;Cadeira Gamer, Giratória Linha Gamer, Racing Amarelo - Azul;R$ 4.125,71
572;Cadeira Gamer Para Escritório, Linha Gamer Racing, Cinza Claro;R$ 4.125,71
573;Cadeira Gamer Para Escritório, Linha Gamer Cagliari - Azul;R$ 2.750,00
574;Cadeira Gamer Para Escritório, Linha Gamer Racing, Marrom;R$ 4.125,71
575;Cadeira Gamer Para Escritório, Linha Gamer Racing, Verde;R$ 4.125,71
576;Cadeira Gamer, Bw Diamond 10di - Preta E Azul;R$ 1.260,00
577;Cadeira Gamer OexGame Gc500, Com LED E Controle Remoto, Até 120Kg, Cilindro Classe 4, 2 Almofadas Removíveis, Preto E Cinza;R$ 2.299,00
578;Cadeira Gamer Pelegrin, Preta E Azul - PEL-3005;R$ 611,46
579;Cadeira Gamer Pelegrin Em Couro Pu Reclinável Pel-3012 Preta E Cinza;R$ 1.142,28
580;Cadeira Gamer Pelegrin, Preta E Azul - PEL-3005;R$ 611,46
581;Cadeira Gamer Pelegrin Em Couro Pu Reclinável Pel-3012 Preta E Cinza;R$ 1.142,28
582;Cadeira Presidente Gamer Em Couro Pu, Preta E Verde Pelegrin - PEL-3002;R$ 866,66
583;Cadeira Gamer Redragon Metis, Preta e Vermelha  C102-BR;R$ 1.713,51
584;Cadeira Gamer Xzone, Premium, Cgr-03-r - Preto/vermelho;R$ 1.163,10
585;Cadeira Gamer Greatek, Até 150Kg, Reclinável, Estofada, Azul e Preta;R$ 899,00
586;Cadeira Gamer Estofada Camuflada Greatek;R$ 1.328,90
587;Cadeira Gamer Tr-max, Até 120 Kg, de Couro, Giratória, Ajustável - Vermelha;R$ 1.055,70
588;Cadeira Gamer Pelegrin Em Couro Pu, Reclinável, Preta E Cinza - PEL-3013;R$ 917,70
589;Cadeira Gamer Greatek, Reclinavel, Estofada, Peso Suportado: 150 kg, Preta;R$ 1.199,00
590;Cadeira Gamer Dt3 Sports Nero Elite Ashen, Até 150Kg, Cinza;R$ 3.830,22
591;Cadeira Gamer Primex V2 Preto/vermelho, 62000153,;R$ 825,55
592;Cadeira Gamer, Predator Com Acabamento Premium, Espuma De Alta Densidade;R$ 2.799,00
593;Cadeira Gamer Evolut, Tanker, Azul, Reclinável, Almofada - Eg-900;R$ 1.494,90
594;Cadeira Gamer Royale Preto, Branco E Vermelho, com regulagem de altura;R$ 552,42
595;Cadeira Dt3 Gamma Fabric Black, Peso máximo suportado: 120kg;R$ 1.468,95
596;Cadeira Gamer Mvp Retrátil E Reclinável Com Apoio Para Pernas E Braço Até 120kg - Preto/vermelho;R$ 1.869,00
597;Cadeira Gamer Cooler Master Caliber X2, Preto Com Cinza;R$ 2.658,26
598;Cadeira Gamer Cooler Master Caliber X2, Preto;R$ 2.425,62
599;Cadeira Gamer Maxprint/dazz, Omega, Preta, Peso Máximo Suportado: 100kg;R$ 521,55
600;Cadeira Gamer Royale Preto E Branco, Com Regulagem De Altura;R$ 899,00
601;Cadeira Gamer Design Office Móveis Interlocutor Linha Gamer Racing, Peso recomendado: até 120 kg, Roxo;R$ 3.593,36
602;Cadeira Gamer Design Office Móveis Interlocutor Linha Gamer Racing, Peso recomendado: até 120 kg, Verde com Preto;R$ 3.593,36
603;Cadeira Gamer Design Office Móveis Interlocutor Linha Gamer Racing, Peso recomendado: até 120 kg, Cinza;R$ 3.593,36
604;Cadeira Gamer Design Office Móveis Interlocutor Linha Gamer Racing, Peso recomendado: até 120 kg, Azul;R$ 3.593,36
605;Cadeira Gamer Design Office Diretor, Linha Gamer Racing, ate 110 Kg, Sem Almofada, Cinza com Preto;R$ 3.593,36
606;Cadeira Gamer Design Office Móveis Interlocutor, Linha Gamer Racing, até 120 kg, Bege;R$ 3.593,36
607;Cadeira Gamer, Linha Gamer Cagliari - Laranja;R$ 2.750,00
608;Cadeira Gamer, Interlocutor, Linha Gamer Racing - Rosa;R$ 3.593,36
609;Cadeira Gamer Para Escritório, Linha Gamer Racing, Laranja;R$ 4.125,71
610;Cadeira Gamer Para Escritório, Linha Gamer Cagliari - Verde;R$ 2.750,00
611;Cadeira Gamer Para Escritório Linha Gamer Cagliari Laranja;R$ 2.750,00
612;Cadeira Gamer Design Office Diretor, Linha Gamer Racing, ate 110 Kg, Sem Almofada, Amarelo Mostarda com Preto;R$ 3.593,36
613;Cadeira Gamer Design Office Diretor, Linha Gamer Racing, ate 110 Kg, Sem Almofada, Café com Preto;R$ 3.593,36
614;Cadeira Gamer Design Office, Linha Gamer Racing, Com Almofada, Regulavel, Branco com Preto;R$ 4.299,00
615;Cadeira Gamer Design Office, Linha Gamer Racing, Com Almofada, Regulavel, Azul com Preto;R$ 4.299,00
616;Cadeira Gamer Design Office Diretor, Linha Gamer Racing, ate 110 Kg, Sem Almofada, Bege com Preto;R$ 3.593,36
617;Cadeira Gamer Design Office Diretor, Linha Gamer Racing, ate 110 Kg, Sem Almofada, Telha com Preto;R$ 3.593,36
618;Cadeira Gamer Design Office Diretor, Linha Gamer Racing, ate 110 Kg, Sem Almofada, Roxo com Preto;R$ 3.593,36
619;Cadeira Gamer Design Office Diretor, Linha Gamer Racing, ate 110 Kg, Sem Almofada, Laranja com Preto;R$ 3.593,36
620;Cadeira Gamer Design Office, Linha Gamer Racing, Com Almofada, Regulavel, Verde com Preto;R$ 4.299,00
621;Cadeira Gamer, Bw Racer 10tu01 - Preta E Vermelha;R$ 2.300,00
622;Cadeira Gamer Bw Racer Pro 10pr - Preta;R$ 950,00
623;Cadeira Thunderx3 Xc3 All Black;R$ 2.044,68
624;Cadeira Gamer Top Tag Preta E Vermelha - Hs2691i;R$ 900,47
625;Cadeira Gamer Pelegrin Em Couro Pu, Preta E Cinza - PEL-3017;R$ 631,88
626;Cadeira Gamer, Bw Diamond 10di - Preta E Vermelha;R$ 1.260,00
627;Cadeira Gamer Tr-max, Até 120 Kg, de Couro, Giratória, Ajustável - Preta;R$ 1.055,70
628;Cadeira Gamer Draxen Dn3 Giratoria - Preto/azul;R$ 862,92
629;Cadeira Gamer Thunderx3 Ec3, até 125 kg, com almofadas, Ajustável, Air Tech, Branca;R$ 1.257,85
630;Cadeira Gamer Giratoria Preta;R$ 1.104,90
631;Cadeira Gamer Giratória, 2 Almofadas, Home Office, Ergonômica Regulagem Altura, Branco Preto;R$ 899,90
632;Cadeira Gamer Aerocool Air, Preto E Azul - Ac40c;R$ 934,15
633;Cadeira Gamer Thunderx3 Ec3, até 125 kg, com almofadas, Ajustável, Air Tech, Rosa;R$ 1.214,86
634;Cadeira Thunderx3 Tc3, até 125 kg, Rotação de 360 grau, Neon Green;R$ 1.255,36
635;Cadeira Gamer De Balanço Pelegrin Pel-3024 Preta Com Led E Auto-falante Bluetooth;R$ 795,20
636;Cadeira Gamer Infantil Pelegrin, Em Couro Pu, Preta e Vermelha - Pel-9353;R$ 509,38
637;Cadeira Gamer, Modelo Armor Air - Ref.3maair.0001;R$ 1.630,00
638;Cadeira Gamer Vinik Rocket Preta Com Vermelho - Cgr10pvm;R$ 715,89
639;Cadeira Gamer, Xtreme Gamers, Cinesis Ny, até 120 Kgs, Reclinável, Braços Fixos, Preta E Azul;R$ 1.399,90
640;Cadeira Gamer Vinik Rocket Preta Com Vermelho - Cgr10pvm;R$ 715,89
641;Cadeira Gamer Evolut Prism, Até 135 Kg, Cinza E Verde - Eg-910;R$ 909,99
642;Cadeira Gamer Design Office Móveis Para Escritório Linha Gamer Cagliari Verde;R$ 2.750,00
643;Cadeira Gamer Design Office Diretor, Linha Gamer Racing, ate 110 Kg, Sem Almofada, Rosa Pink com Preto;R$ 3.593,36
644;Cadeira Gamer Design Office, Linha Gamer Racing, Com Almofada, Regulavel, Verde Escuro com Preto;R$ 4.299,00
645;Cadeira Gamer Design Office Diretor, Linha Gamer Racing, ate 110 Kg, Sem Almofada, Verde Escuro com Preto;R$ 3.593,36
646;Cadeira Gamer Design Office Diretor, Linha Gamer Racing, ate 110 Kg, Sem Almofada, Azul com Preto;R$ 3.593,36
647;Cadeira Gamer Design Office Diretor, Linha Gamer Racing, ate 110 Kg, Sem Almofada, Branco com Preto;R$ 3.593,36
648;Cadeira Gamer Design Office, Linha Gamer Racing, Com Almofada, Regulável, Vinho com Preto;R$ 4.299,00
649;Cadeira Gamer Design Office, Linha Gamer Racing, Com Almofada, Regulavel, Café com Preto;R$ 4.299,00
650;Cadeira gamer dt3sports royce tecido ashen 13340-1;R$ 3.233,84
651;Cadeira Gamer, Interlocutor, Linha Gamer Racing - Vermelho;R$ 3.593,36
652;Cadeira Gamer Para Escritório, Linha Gamer Cagliari - Azul;R$ 2.750,00
653;Cadeira Gamer Para Escritório, Linha Gamer Ravenna, Vermelho;R$ 2.959,00
654;Cadeira Gamer Design Office, Interlocutor Linha Gamer Racing - Marrom;R$ 3.593,36
655;Cadeira Gamer, Interlocutor, Linha Gamer Racing - Vermelho;R$ 3.593,36
656;Cadeira Gamer Design Office Móveis Para Home Office Linha Gamer Blenda Amarelo;R$ 2.345,00
657;Cadeira Gamer Para Escritório, Linha Gamer Racing, Roxo;R$ 4.125,71
658;Cadeira Gamer Para Escritório, Linha Gamer Racing, Rosa;R$ 4.125,71
659;Cadeira Gamer Para Escritório, Linha Gamer Racing, Preto;R$ 4.125,71
660;Cadeira Gamer Redragon Coeus, C201-bw, Ajustável, Couro Sintético, Preta E Branca;R$ 1.599,99
661;Cadeira Gamer Pelegrin, Preta E Cinza - PEL-3005;R$ 611,46
662;Cadeira Gamer Pelegrin, Em Couro PU, Reclinável, Preta E Verde - PEL-3012;R$ 1.142,28
663;Cadeira Gamer Pelegrin Em Couro Pu, Reclinável, Preta E Azul - Pel-3013;R$ 917,70
664;Cadeira Gamer Pelegrin Pel-3011, Preta E Azul;R$ 805,41
665;Cadeira Gamer Pelegrin Em Couro Pu, Preta E Vermelha - PEL-3017;R$ 631,88
666;Cadeira Gamer Pelegrin Pel-3011, Preta E Vermelha;R$ 805,41
667;Cadeira Gamer Pelegrin Em Couro Pu, Preta E Azul - PEL-3017;R$ 631,88
668;Cadeira Gamer Pelegrin, Couro Pu Preta, Vermelha E Verde - PEL-3009;R$ 764,58
669;Kit - Mesa Gamer Pelegrin Pel-002p, Preta + Cadeira Gamer Pelegrin Pel-3017, Cinza;R$ 1.586,32
670;Cadeira Gamer Reclinável, Greatek, Preto e Vermelho;R$ 1.043,01
671;Cadeira Gamer Dazz Mermaid Series, Encosto, Reclinável 180° - Rosa - 62000124;R$ 1.599,99
672;Cadeira Gamer Tr-max, Até 120 Kg, de Couro, Giratória, Ajustável - Azul;R$ 1.055,70
673;Cadeira Gamer Greatek Estofada, Vermelho E Preta;R$ 999,00
674;Cadeira Gamer Aerocool Air, Preto E Vermelho - Ac40c;R$ 934,15
675;Cadeira Gamer Pelegrin Pel-3005 - Azul, Branca E Preta;R$ 611,46
676;Cadeira Gamer Infantil Em Couro Pvc Pelegrin Pel-9354, até 60kg - Preto Com Branco;R$ 376,68
677;Cadeira Gamer Mvp Retrátil E Reclinável Com Apoio Para Pernas E Braço Até 120kg - Preto/azul;R$ 1.869,00
678;Cadeira Gamer Dn2 Preto/azul Celeste - Draxen;R$ 764,15
679;Cadeira Gamer Fortrek, Cruiser, Preta/Vermelha, Reclinável;R$ 1.079,87
680;Cadeira Gamer Black Hawk Fortrek, Preta com Verde;R$ 830,52
681;Cadeira Gamer Fortrek Black Hawk, Até 120Kg, Reclinável, Preto E Azul;R$ 1.119,84
682;Cadeira Gamer, MoobX, Profissional Thunder, Braços Reguláveis 2D e Regulagem De Altura;R$ 1.299,00
683;Cadeira Gamer, MoobX, Profissional Thunder, Braços Reguláveis 2D e Regulagem De Altura;R$ 999,90
684;Cadeira Gamer MoobX Nitro, Até 125 Kg, Com Regulagem de Altura e Reclinação 180°;R$ 799,90
685;Cadeira Gamer PRO-X Gaming Executiva, Reclinável, Giratóri Preto/Vermelho;R$ 989,90
686;Cadeira Gamer Bela MoobX GT Racer Profissional, Preto/Amarelo;R$ 999,00
687;Cadeira Gamer, Best, G500 - Preto com Azul;R$ 872,60
688;Cadeira Gamer ThunderX3 Camo/VD Military - BC3;R$ 1.331,86
689;Cadeira Gamer Fortrek Vickers, Suporta até 135Kg, Preta/Verde;R$ 940,09
690;Cadeira Gamer  Thunderx3 BC3, Peso Suportado até 150Kg, Ergonômica, Reclinável, Preta;R$ 1.180,65
691;Cadeira Gamer Pcyes Mad Racer V8 Turbo, Verde - V8TBMADVD;R$ 1.306,44
692;Cadeira Gamer Pelegrin, Até 150 Kg, Em Couro Pu, Reclinável, Preta e Verde - PEL-3019;R$ 866,66
693;Cadeira Gamer Pelegrin em Couro Pu, Reclinável, Suporta até 150Kg, Preta e Cinza - Pel-3003;R$ 1.203,52
694;Cadeira Gamer PCYes Mad Racer V6 Turbo, Azul e Preta - GMADV6TAZ;R$ 1.327,85
695;Cadeira Gamer Fortrek Vickers, Suporta até 135Kg, Preta/Rosa;R$ 1.494,58
696;Cadeira Gamer ThunderX3 TC3, Peso Suportado até 125Kg, Apoio de Braços Bi-direcional, Ember Red;R$ 1.405,85
697;Cadeira de Escritório Gamer Best, G600, Preto com Vermelho;R$ 937,00
698;Cadeira Gamer Cruiser Fortrek, Suporta até 135Kg, Preta/Verde;R$ 1.079,87
699;Cadeira Gamer Fortrek Vickers, Peso Suportado até 135Kg, Mecanismo Butterfly, Azul - 70521;R$ 1.494,58
700;Cadeira Gamer Poker Royal Flush Healer Travel Max, Suporta até 100Kg, Vermelha;R$ 994,55
701;Cadeira Gamer ThunderX3 EC1, Suporta até 150Kg, Vermelha;R$ 827,91
702;Cadeira Gamer Home Office, Suporta até 120Kg, Branco/Rosa;R$ 1.190,29
703;Cadeira Gamer Holt Preta e Cinza - Fortrek;R$ 783,38
704;Cadeira Gamer PcTop Premium 1020, Vermelho, Branco e Preto, Reclinável - Se1020;R$ 689,90
705;Cadeira Gamer PCTOP Elite 1010 - Preta e Azul;R$ 734,40
706;Cadeira Gamer Elite Pctop, Reclinável, 2 Almofadas, Verde - Se1010;R$ 734,40
707;Cadeira Gamer, Thermaltake Comfort Size GTC500;R$ 3.056,29
708;Cadeira Gamer Office Giratória, Com Elevação A Gás, BC3 H01, Camuflado Verde Military - ThunderX3;R$ 1.799,90
709;Cadeira Gamer Office Giratória Com Elevação A Gás Pro F03 Preto Vermelho - Lyam Decor;R$ 874,90
710;Cadeira Gamer PCTOP Elite 1010 - Preta e Vermelha;R$ 799,90
711;Cadeira Gamer Elements Gaming Elemental TERRA, Verde;R$ 1.006,11
712;Cadeira Gamer Office Giratória, Com Elevação A Gás, BC3, Preto - ThunderX3;R$ 1.814,90
713;Cadeira Gamer Office Giratória, Com Elevação A Gás, BC3, Camuflado Azul Admiral - ThunderX3;R$ 1.814,90
714;Cadeira Gamer PCTop Power, Peso Suportado até 150Kg, Preta e Azul - X-2555;R$ 739,90
715;Cadeira Gamer Dazz Prime-x, Apoio Pra Braço Pescoço E Lombar - Vermelha;R$ 1.229,40
716;Cadeira Gamer Mad Racer Sti Master Preto - Madstimspt;R$ 824,97
717;Cadeira Gamer Pcyes Mad Racer V8 Turbo Pink - V8tbmadpk;R$ 1.170,25
718;Cadeira Gamer Cougar Armor Titan Pro - 3MTITANS.0001;R$ 2.881,49
719;Cadeira Gamer Gc200 - Oex Game - Preta;R$ 949,90
720;Cadeira Gamer Office Giratória, Com Elevação A Gás, TGC12 H01, Preto E Vermelho - ThunderX3;R$ 1.754,91
721;Cadeira Gamer Office Giratória, Com Elevação A Gás, EC3 H01, Preto E Ciano - ThunderX3;R$ 1.679,90
722;Cadeira Gamer Office Giratória, Com Elevação A Gás, EC3 H01, Preto E Vermelho - ThunderX3;R$ 1.679,90
723;Cadeira Gamer Top Tag, Giratória, Vermelho  - HS2706RD;R$ 1.099,99
724;Cadeira Gamer Pelegrin, Em Couro Pu, Reclinável, Preta e Verde - Pel-3013;R$ 917,70
725;Cadeira Gamer Pelegrin, Em Couro PU, Reclinável, Preta E Azul - PEL-3012;R$ 1.142,28
726;Kit - 02 Cadeiras Gamer Office Giratória, Com Elevação A Gás, EC3, Preto - ThunderX3;R$ 3.409,90
727;Cadeira Gamer Office Giratória, Com Elevação A Gás, BC3, Preto E Vermelho - ThunderX3;R$ 1.769,90
728;Kit - 02 Cadeiras Gamer Office Giratória, Com Elevação A Gás, EC3, Preto E Ciano - ThunderX3;R$ 3.619,90
729;Cadeira Gamer Reclinável, Preta E Cinza, Kross - KE-GC101;R$ 699,00
730;Cadeira Gamer Reclinável, Preta E Vermelha, Kross - KE-GC100;R$ 699,00
731;Cadeira Gamer Giratória, Com Elevação A Gás, Office Holt H01, Preto E Cinza - Fortrek;R$ 954,90
732;Kit - 02 Cadeiras Gamer Office Giratória, Com Elevação A Gás, BC3, Camuflado - ThunderX3;R$ 3.629,90
733;Kit - 02 Cadeiras Gamer Office Giratória, Com Elevação A Gás, BC3, Camuflado Azul Admiral - ThunderX3;R$ 3.629,90
734;Cadeira Gamer Giratória, Elevação A Gás, 02 Almofadas De Apoio, Cruiser H01, Preto E Vermelho - Fortrek;R$ 1.454,90
735;Cadeira Gamer Evolut Lite Eg-904 - Branco;R$ 1.499,99
736;Cadeira Gamer Evolut Lite, Até 120 Kg, Preto - EG-904;R$ 1.499,99
737;Cadeira Gamer Evolut Lite Eg-904, Azul - Evolut;R$ 1.499,99
738;Cadeira Gamer Reclinável Predator Com 2 Almofadas Zidi;R$ 1.729,90
739;Cadeira Gamer Reclinável Predator Com 2 Almofadas Zidi;R$ 1.729,90
740;Cadeira Gamer Thunderx3 Ec3, Black/red;R$ 1.382,38
741;Cadeira Gamer Reclinável Predator, Com 2 Almofadas - Zidi;R$ 1.729,90
742;Cadeira Office Pro Gamer G-force Preto E Azul - D´rossi;R$ 2.629,90
743;Cadeira Gamer Sakes, Vermelha - Sk20028;R$ 599,90
744;Cadeira Gamer Dust, Com Apoio para as Pernas, Retrátil - Vermelha;R$ 858,42
745;Cadeira Gamer New Star, Vermelho E Preto - WG-06;R$ 936,19
746;Cadeira Gamer Giratoria Branco Top Tag - HS927WT;R$ 926,19
747;Cadeira Gamer Giratoria Verde, Top Tag - HS9201GR;R$ 877,27
748;Cadeira Gamer Giratoria Azul Top Tag - HS9201BL;R$ 877,27
749;Cadeira Gamer Reclinável Sparta Com 2 Almofadas Zidi;R$ 1.849,90
750;Cadeira Gamer Reclinável Sparta Com 2 Almofadas Zidi;R$ 1.849,90
751;Cadeira Gamer Home Office, Cinza E Rosa;R$ 806,50
752;Cadeira Gamer Giratoria Hs203i  Toptag;R$ 865,32
753;Cadeira Gamer DN2, Preto e Azul, Draxen;R$ 764,15
754;Cadeira Gamer Dazz - Elite;R$ 1.124,99
755;Cadeira Gamer Gc302, Estofado Em Couro, Sintético, 120kg, Preto e Laranja;R$ 1.367,91
756;Cadeira Gamer Gc301, Estofado Em Couro Sintético, 120kg, Preto e Laranja;R$ 1.499,90
757;Cadeira Gamer Giratória Com Elevação A Gás, Office Black Hawk H01, Preto/Azul - Fortrek;R$ 1.339,90
758;Cadeira Gamer New WG-02, Vermelha;R$ 614,88
759;Cadeira Gamer Star Game, Reclinável, Wg-03;R$ 839,89
760;Cadeira Gamer Dt3 Sports Modena Blue, Encosto Reclinável De 180º , Construção Em Aço - 10501-7;R$ 1.599,90
761;Cadeira Gamer F-New, Azul, Reclinável Giratória;R$ 919,77
762;Cadeira Gamer, Gt Shock;R$ 1.199,90
763;Cadeira Gamer PCTOP Super Verde - 1015;R$ 744,19
764;Cadeira Gamer Kids Akasa, Preta E Vermelha - A-gch-03rd;R$ 968,99
765;Kit - 02 Cadeiras Gamer Office, Giratória Com Elevação A Gás, BC3, Preto - ThunderX3;R$ 3.629,90
766;Cadeira Gamer 3316-or Design - Vermelho;R$ 578,34
767;Mesa Gamer Reversível, Me4152 - Tecnomobili;R$ 289,90
768;Cadeira Gamer Goldentec GT Red, Até 120Kg, Reclinável, Com Apoio para Pés;R$ 899,90
769;Cadeira Gamer Gc200, Estofado Em Couro Sintético, 100kg, Preto e Laranja;R$ 949,90
770;Cadeira Gamer Top Tag Hs158bli - Azul E Preta;R$ 1.137,78
771;Cadeira Gamer Hoopson, Preto - CG-507;R$ 1.499,87
772;Cadeira Gamer Cooler Master Caliber R2, Até 150 Kg, Vermelha - CMI-GCR2-2019R;R$ 1.738,00
773;Cadeira Gamer, Ergonômica Sanbox Diamond  - Vermelha;R$ 1.270,72
774;Cadeira Gamer Reclinável Greatek, Preto e Azul;R$ 901,55
775;Cadeira Gamer, Giratória Extreme F01, Preta/azul  - Mpozenato;R$ 1.023,90
776;Cadeira Gamer Giratória Extreme F01 Preta/verde - Mpozenato;R$ 1.023,90
777;Cadeira Gamer Giratória Extreme, F01, Preta/Vermelha - Mpozenato;R$ 1.023,90
778;Cadeira Gamer Reclinável Pro F01, Preta e Vermelha - Mpozenato;R$ 1.067,90
779;Cadeira Gamer Giratória Supreme F01, Preto e Azul - Mpozenato;R$ 1.142,90
780;Cadeira Gamer Dazz Marvel Capitão América, Encosto Reclinável 180º, Construção Em Aço - 62000050;R$ 2.999,99
781;Cadeira Gamer Dazz Marvel Homem Aranha Black, Encosto Reclinável, Construção Em Aço - 62000048;R$ 2.999,99
782;Cadeira Gamer BEST, Poltrona Ergonômica, Reclinável, com Ajustes, Azul;R$ 937,00
783;Cadeira Gamer Mad Racer V16 Material Sintético;R$ 2.729,88
784;Cadeira Gamer B.Hoff Mobile Reclinável E Relax, Com Iluminação LED RGB, Preta, Peso suportado: até 120 kg.;R$ 974,02
785;Cadeira Gamer Boxbit F16, Vermelha, Base Rodízio;R$ 1.038,87
786;Cadeira Gamer Boxbit Raptor, Branca, Base Rodízio;R$ 578,34
787;Cadeira Gamer Boxbit F16 Army, Base Rodízio;R$ 1.038,87
788;Cadeira Gamer, Oexgame, Gc200, 100kg;R$ 949,90
789;Cadeira Gamer, Prizi, HC-6H01 - Amarela;R$ 599,90
790;Cadeira Gamer Stars, Com Encosto Reclinável, Mecanismo Backsystem, Preta E Azul, Capacidade Até 120Kg;R$ 733,52
791;Cadeira Gamer Boxbit Raptor, Preta E Cinza, Base Rodízio;R$ 578,34
792;Cadeira Gamer, Xt Racer, Armor Series, Preto e Branco;R$ 1.319,12
793;Cadeira Gamer, Xt Racer, Armor Series, Preto e Vermelho;R$ 1.319,12
794;Cadeira Gamer XT Racer Vulcan Reclinável Ergonômica Couro Sintético - Preto e Vermelho;R$ 1.143,12
795;Cadeira Gamer, XT Racer Fire Gun, Reclinável Ergonômica, Couro sintético, Preto e Prata.;R$ 1.583,12
796;Cadeira de escritório, Gamer XT Racer Fire Gun, Reclinável Ergonômica, Couro sintético, Preto e Vermelho.;R$ 1.583,12
797;Cadeira Gamer, XT Racer Draco, Reclinável Ergonômica, Tecido Polyester, Preto e Rosa.;R$ 2.023,12
798;Cadeira Gamer Copa Do Mundo Qatar 2022 Edição Especial Preto Com Roxo - Mt-2000 Bp1;R$ 1.148,90
799;Cadeira Gamer, Fifa Qatar 2022, Checkpoint, Preto Com Vermelho - Dx-3000 Lx1;R$ 988,90
800;Cadeira Gamer XT Racer Taycan Escritório Ergonômica Reclinável Couro Sintético - Preto e Cinza;R$ 1.231,12
801;Cadeira Gamer XT Racer Taycan Escritório Ergonômica Reclinável Couro Sintético - Preto e Vermelho;R$ 1.231,12
802;Cadeira Gamer, XT Racer Viking, Reclinável Ergonômica, Couro Sintético, Preto e Amarelo.;R$ 1.199,00
803;Cadeira Gamer XT Racer Attack Reclinável Ergonômica Couro Sintético Preto e Amarelo;R$ 1.099,00
804;Cadeira Gamer XT Racer Defender, Reclinável Ergonômica, Tecido Polyester, Preto e Verde.;R$ 1.231,12
805;Cadeira Gamer XT Racer Attack Com Apoio De Pés Reclinável Ergonômica Couro Sintético - Preto e Amarelo;R$ 1.299,00
806;Cadeira Gamer Husky Gaming Storm, Cinza, Preto e Branco, Com Almofadas, Reclinável, Descanso de Braço 3D - HST-GBW;R$ ---
807;Cadeira Gamer DT3 Nero XL, Até 160Kg, Com Almofada, Descanso de Braço 4D, Preto - 13634-7;R$ ---
808;Cadeira Gamer DT3 Nero XL, Até 160Kg, Com Almofada, Descanso de Braço 4D, Graphite - 13639-2;R$ ---
809;Cadeira Gamer DT3sports Rhino, Até 200kg, Com Almofadas, Reclinável, Descanso de Braço 4D,  Preto - 11229-5;R$ ---
810;Cadeira Gamer Alpha Gamer Alegra Fabric Cinza - AGALEGRA-F-GRY;R$ ---
811;Cadeira Gamer XT Racer Defender, Até 120kg, Com Almofadas, Reclinável, Descanso de Braço 3D, Preto e Cinza - XTR-032;R$ ---
812;Cadeira Gamer XT Racer Viking Series, Até 120kg, Com Almofadas e Apoio de Pés, Reclinável, Descanso de Braço 3D, Preto e Vermelho - XTR-026;R$ ---
813;Cadeira Gamer DT3 Nero XL, Até 160Kg, Com Almofada, Descanso de Braço 4D, Grape - 13638-1;R$ ---
814;Cadeira Gamer DT3Sports Royce, com Almofada, Reclinável, Apoio de Braço 4D, Cool Black - 13291-6;R$ ---
815;Cadeira Gamer Elements Lunari, Até 120kg, Com Almofada, Descanso de Braço 4D, Cilindro de Gás Classe 4, Knit Special, Cinza - 70044;R$ ---
816;Cadeira Gamer XT Racer Platinum W Series, Até 120kg, Com Almofadas, Reclinável, Descanso de Braço 3D, Preto - XTR-010;R$ ---
817;Cadeira Gamer XT Racer Defender, Até 120kg, Com Almofadas, Reclinável, Descanso de Braço 3D, Preto e Vermelho - XTR-030;R$ ---
818;Cadeira Gamer XT Racer Speed Series, Até 120kg, Com Almofadas, Reclinável, Descanso de Braço 2D, Preto e Cinza - XTS130;R$ ---
819;Cadeira Gamer XT Racer Speed Series, Até 120kg, Com Almofadas e Apoio de Pés, Reclinável, Descanso de Braço 2D, Preto e Laranja - XTS160;R$ ---
820;Cadeira Gamer Alpha Gamer Kappa,  Até 150 kg, Apoio de Braço Acolchoado, Cilindro de Gás Classe 4, Preto e Azul - AGKAPPA-BK-BL;R$ ---
821;Cadeira Gamer DT3 Romeo, Até 140 kg, Com Almofadas, Apoio de Braço 3D+, Reclinável, Preto - 13791-1;R$ ---
822;Cadeira Gamer Corsair TC200 Fabric, Até 120Kg, Apoio de Braços 4D, Almofadas, Reclinável, Cilindro de Gás Classe 4, Preto - CF-9010049-WW;R$ ---
823;Cadeira Gamer DT3sports Rhino Red - 11233-0;R$ ---
824;Cadeira Gamer Husky Gaming Tempest 500, Preto e Vermelho, Com Almofadas, Descanso Para Pernas Retrátil, Reclinável - HGMA079;R$ ---
825;Cadeira Gamer Alpha Gamer Vega, Preto e Vermelho, Reclinável, com Almofadas, Cilindro de Gás Classe 4;R$ ---
826;Cadeira Gamer Husky Gaming Polar, Preto, Cilindro de Gás Classe 3, Base em Nylon, Roda em Nylon - HPO-BK;R$ ---
827;Cadeira Gamer Elements Lunari, Até 120kg, Com Almofada, Descanso de Braço 4D, Cilindro de Gás Classe 4, Knit Special, Preto - 70043;R$ ---
828;Cadeira Gamer DT3sports Modena, Black Blue - 10501-7;R$ ---
829;Cadeira Gamer DT3sports Rhino White - 11234-1;R$ ---
830;Cadeira Gamer Cooler Master Caliber X1c Preto Cmi-gcx1c-bk, Suporta: 150kg;R$ ---
831;Cadeira Gamer Fortrek Black Hawk Black/Red - 70510;R$ ---
832;Cadeira DT3 Rhino Space Grey, Até 200 Kg, Com Almofadas, Reclinável, Descanso de Braço 4D, Cinza e Preto - 13242-2;R$ ---
833;Cadeira Gamer DT3 Elise Fabric, Até 130 Kg, Com Almofadas, Reclinável, Descanso de Braço 2D, Preto e Vermelho - 13446-8;R$ ---
834;Cadeira Gamer Noblechairs HERO Elden Ring Edição Limitada, até 150Kg, Preto - PGW-NB-HGC-017;R$ ---
835;Cadeira Gamer DT3 Romeo, Até 140 kg, Com Almofadas, Apoio de Braço 3D+, Reclinável, Preto e Azul - 13792-2;R$ ---
836;Cadeira Gamer DT3sports Romeo, Até 110kg, Com Almofadas, Reclinável, Descanso de Braço 3D, Preto e Azul - 11203-7;R$ ---
837;Cadeira Gamer DT3sports Modena, Black Red - 10504-0;R$ ---
838;Cadeira Gamer Alpha Gamer Nebula Fabric, Tecido, Até 150 kg, Apoio de Braço 4D, Reclinável, Cinza e Rosa - AGNEBULA-GRY-PK;R$ ---
839;Cadeira Gamer Alpha Gamer Vega, Preto, Reclinável, com Almofadas, Cilindro de Gás Classe 4;R$ ---
840;Cadeira DT3sports Elise Fabric Black - 12191-4;R$ ---
841;Cadeira Gamer ThunderX3 TGC12 Profissional, Até 120kg, Com Almofadas, Reclinável, Descanso de Braço 2D, Branco e Preto - 78202;R$ ---
842;Cadeira Gamer ThunderX3 TGC12 EVO, Até 125Kg, com Almofadas, Cilindro de Gás, Azul - 76420;R$ ---
843;Cadeira Gamer XT Racer Defender, Até 120kg, Com Almofadas, Reclinável, Descanso de Braço 3D, Preto e Rosa - XTR-033;R$ ---
844;Cadeira Gamer Alpha Gamer Alegra, Até 150 kg, Apoio de Braço 4D, Mecanismo Frog, Apoio Lombar Ajustável, Cinza - AGALEGRA-PUL-GRY;R$ ---
845;Cadeira Gamer DT3sports Royce Space Grey - 11913-5;R$ ---
846;Cadeira Gamer XT Racer Draco, Até 120kg, Com Almofadas, Reclinável, Descanso de Braço 4D, Preto - XTR-064;R$ ---
847;Cadeira Gamer DT3 Romeo, Até 140 kg, Com Almofadas, Apoio de Braço 3D+, Reclinável, Cinza - 13794-4;R$ ---
848;Cadeira Gamer Corsair T2 Road Warrior, Até 136Kg, Apoio de Braço 4D, com Almofadas, Reclinável, Preto e Amarelo - CF-9010010-WW;R$ ---
849;Cadeira Gamer XT Racer Draco, Até 120kg, Com Almofadas, Reclinável, Descanso de Braço 4D, Preto e Cinza - XTR-065;R$ ---
850;Cadeira Gamer DT3 Mizano Fabric, Até 110 kg, Com Almofadas, Apoio de Braço 3D+, Reclinável, Preto - 13796-6;R$ ---
851;Cadeira Gamer Alpha Gamer Polaris Office Edition, Até 150Kg, Cilindro de Gás 4, Descanso de Braço 4D, Preto e Castanho - AGPOLARISOE-BWN;R$ ---
852;Cadeira Gamer Elements Magna, Até 130kg, Descanso de Braço 3D, Cilindro de Gás Classe 4, Linho, Cinza Escuro - 70003;R$ ---
853;Cadeira Gamer Alpha Gamer Nebula XL Fabric, Até 150 kg, Apoio de Braço 4D, Reclinável, Cinza - AGNEBULAXL;R$ ---
854;Cadeira Gamer DT3sports Rhino Blue - 11230-7;R$ ---
855;Cadeira Gamer Husky Gaming Snow Limited Edition, Preto, Cilindro de Gás Classe 4, Base em Metal, Roda em Nylon - HGMA054;R$ ---
856;Cadeira Gamer Elements Magna, Até 130kg, Descanso de Braço 3D, Cilindro de Gás Classe 4, Linho, Marrom - 70002;R$ ---
857;Cadeira Gamer Elements Lunari, Até 120kg, Com Almofada, Descanso de Braço 4D, Cilindro de Gás Classe 4, Knit Special, Creme - 70045;R$ ---
858;Cadeira Gamer DT3 Módena, Até 140 kg, Com Almofadas, Apoio de Braço 3D+, Reclinável, Cinza - 13788-7;R$ ---
859;Cadeira Gamer DT3sports Elise, Orange - 10636-6;R$ ---
860;Cadeira Gamer Corsair TC60 Fabric, Até 120Kg,  Apoio de Braços 3D, Reclinável, Cilindro de Gás Classe 4, Preto e Cinza - CF-9010035-WW;R$ ---
861;Cadeira Gamer Drakon, Até 140kg, Com Almofadas, Reclinável, Preto e Cinza - CH31BKGY;R$ ---
862;Cadeira Gamer Dazz Prime-X, Peso Suportado até 250Kg, Construção Em Aço, Preto e Branco - 62000011;R$ ---
863;Cadeira Gamer XT Racer Platinum W Series, Até 120kg, Com Almofadas, Reclinável, Descanso de Braço 3D, Off White - XTR-068;R$ ---
864;Braços para Cadeiras Husky Gaming, Snow 2 lados - HAC-BS;R$ ---
865;Cadeira Gamer Noblechairs EPIC Leather, Black - NBL-RL-BLA-001;R$ ---
866;Cadeira Gamer Motospeed Hyrax, Até 150kg, Design ergonômico, Pistão Classe 4, Rosa - HCD300P;R$ ---
867;Cadeira Gamer Husky Gaming Blizzard 900 S.E., Azul e Branco, Com Almofadas, Reclinável com Sistema Frog, Descanso de Braço 3D - HGMA094;R$ ---
868;Descanso de Braço para Cadeira Husky Gaming Storm, Tactical - PREP074;R$ ---
869;Cadeira Gamer DT3 Sports Nero, Até 125 Kg, Com Almofada, Reclinável, Apoio de Braço 3D, Preto - 13367-0;R$ ---
870;Cadeira Gamer DT3 Royce Graphite, Até 180 Kg, Com Almofadas, Reclinável, Descanso de Braço 4D, Cinza e Preto - 13337-7;R$ ---
871;Cadeira Gamer PCTop Strike 1005, até 120Kg, com Almofadas, Reclinável, Preto e Preto - 1005;R$ ---
872;Cadeira Gamer PCTOP Racer, Preta e Amarela, Reclinável, Descanso de pés - 1006;R$ ---
873;Cadeira Gamer Alpha Gamer Nebula Fabric, Até 150 kg, Apoio de Braço 4D, Reclinável, Cinza e Laranja - AGNEBULA-GRY-O;R$ ---
874;Cadeira Gamer Sharkoon Elbrus 1, Black Green;R$ ---
875;Cadeira Gamer Corsair T2 Road Warrior, Até 136Kg, Apoio de Braços 4D, Almofadas, Reclinável, Cilindro de Gás Classe 4, Preto e Vermelho - CF-9010008-WW;R$ ---
876;Cadeira Gamer DT3 Módena, Até 140 kg, Com Almofadas, Apoio de Braço 3D+, Reclinável, Preto e Azul - 13785-4;R$ ---
877;Cadeira Gamer DT3 Romeo, Até 140 kg, Com Almofadas, Apoio de Braço 3D+, Reclinável, Preto e Vermelho - 13795-5;R$ ---
878;Cadeira Gamer DT3 Mizano Fabric, Até 110 kg, Com Almofadas, Apoio de Braço 3D+, Reclinável, Cinza - 13799-9;R$ ---
879;Cadeira Gamer Raven X-30, Até 200Kg, com Almofadas, Descanso de Braço 4D, Encosto Reclinável, Trava de Inclinação, Branco - CDRVX30BR;R$ ---
880;Cadeira Gamer Husky Gaming Tactical, Digital Marpat, Preto, Com Almofadas, Reclinável, Descanso de Braço 2D - HTT-DW;R$ ---
881;Cadeira Gamer Alpha Gamer Alegra,  Até 150 kg, Apoio de Braço 4D, Mecanismo Frog, Apoio Lombar Ajustável, Preto - AGALEGRA-PUL-BK;R$ ---
882;Cadeira Gamer Corsair T2 Road Warrior, Até 136Kg, Apoio de Braços 4D, com Almofadas, Reclinável, Preto - CF-9010006-WW;R$ ---
883;Cadeira Noblechairs Hero TX Gaming Chair-anthracite - NBL-HRO-TX-ATC;R$ ---
884;Cadeira Gamer Husky Gaming Storm, Azul, Preto e Branco, Com Almofadas, Reclinável, Descanso de Braço 2D - HST-BBW;R$ ---
885;Cadeira Noblechairs Hero Gaming Chair Java Edition - NBL-HRO-PU-JED;R$ ---
886;Cadeira Gamer DT3 Módena, Até 140 kg, Com Almofadas, Apoio de Braço 3D+, Reclinável, Dark Grey - 13786-5;R$ ---
887;Cadeira Gamer Preta Healer Warlock, Reclinável, Giratória;R$ ---
888;Cadeira Gamer XT Racer Speed Series, Até 120kg, Com Almofadas e Apoio de Pés, Reclinável, Descanso de Braço 2D, Preto e Cinza - XTS170;R$ ---
889;Cadeira Gamer XT Racer Speed Series, Até 120kg, Com Almofadas e Apoio de Pés, Reclinável, Descanso de Braço 2D, Preto e Vermelho - XTS180;R$ ---
890;Cadeira Gamer DT3 Mizano Fabric, Até 110 kg, Com Almofadas, Apoio de Braço 3D+, Reclinável, Preto e Azul - 13797-7;R$ ---
891;Cadeira Gamer DT3 Rhino Ashen, Com almofadas, Reclinável, Apoio de braço 4D, Preto - 13341-2;R$ ---
892;Cadeira Gamer Drakon, Suporta até 140kg, Com Almofadas, Reclinável, Preta - CH31BK;R$ ---
893;Rodízios para Cadeiras Husky Gaming Storm, Blizzard e Hailstorm KIT C/ 5 Branco - HAC-RSBHW;R$ ---
894;Cadeira Gamer Pctop Strike, com Almofadas, Encosto Ajustável, Preto/Vermelho - 1005;R$ ---
895;Cadeira Gamer DT3 Nero Elite Ashen, Até 150 Kg, Com Almofada, Reclinável, Descanso de Braço 4D, Cinza - 13541-4;R$ ---
896;Cadeira Gamer Alpha Gamer Alegra, Até 150 kg, Apoio de Braço 4D, Mecanismo Frog, Apoio Lombar Ajustável, Branco  - AGALEGRA-PUL-WHT;R$ ---
897;Cadeira Gamer Alpha Gamer Nebula Fabric,  Até 150 kg, Apoio de Braço 4D, Reclinável, Cinza e Azul - AGNEBULA-GRY-BL;R$ ---
898;Cadeira Gamer Elements Magna, Até 130kg, Descanso de Braço 3D, Cilindro de Gás Classe 4, Knit, Cinza Claro - 70005;R$ ---
899;Cadeira Gamer Raven X-10, Até 150kg, com Almofadas, Descanso  de Braço 2D, Preto - CDRVX10TP;R$ ---
900;Cadeira Gamer DT3sports Royce Navy Blue - 11914-6;R$ ---
901;Cadeira Gamer Husky Gaming Polar, Preto e Vermelho, Cilindro de Gás Classe 3, Base em Nylon, Roda em Nylon - HPO-BR;R$ ---
902;Cadeira Gamer DT3sports Romeo, Grey - 11207-1;R$ ---
903;Cadeira Gamer Noblechairs Hero Doom Edition - NBL-HRO-PU-DET;R$ ---
904;Cadeira Gamer Alpha Gamer Nebula Fabric, Até 150 kg, Apoio de Braço 4D, Reclinável, Cinza - AGNEBULA;R$ ---
905;Cadeira Gamer Elements Magna, Até 130kg, Descanso de Braço 3D, Cilindro de Gás Classe 4, Linho, Cinza - 70001;R$ ---
906;Cadeira Gamer Elements Magna, Até 130kg, Descanso de Braço 3D, Cilindro de Gás Classe 4, Knit, Preto - 70004;R$ ---
907;Cadeira Gamer Noblechairs EPIC, Black Red - NBL-PU-RED-002;R$ ---
908;Cadeira Gamer XT Racer Speed Series, Até 120kg, Com Almofadas, Reclinável, Descanso de Braço 2D, Preto e Vermelho - XTS140;R$ ---
909;Cadeira Gamer Husky Gaming Hailstorm, Preto e Azul, Com Almofadas, Reclinável, Descanso de Braço 2D - HHA-BB;R$ ---
910;Braços para Cadeiras Husky, 2 lados Polar - HAC-BP;R$ ---
911;Cadeira Gamer DT3 Módena, Até 140 kg, Com Almofadas, Apoio de Braço 3D+, Reclinável, Preto e Vermelho - 13790-0;R$ ---
912;Cadeira Gamer DT3sports Mizano, Até 140kg, com Braço 3D, Inclinação e Almofadas, Preto - 10226-1;R$ ---
913;Cadeira Gamer Alpha Gamer Phenix Fabric, Tecido, Até 150kg, Apoio de Braço 4D, Reclinável, Preto e Azul - AGPHENIX-F-GRY-BK-BL;R$ ---
914;Cadeira Gamer, Jupiter, Black E Black;R$ ---
915;Cadeira Gamer DT3sports Elise, Até 150kg, com Almofadas, Reclinável, Preto e Cinza - 10633-3;R$ ---
916;Cadeira Gamer DT3 Royce Cream - 12386-0;R$ ---
917;Cadeira Gamer XT Racer Draco, Até 120kg, Com Almofadas, Reclinável, Descanso de Braço 4D, Preto e Dourado - XTR-062;R$ ---
918;Cadeira Gamer Husky Gaming Frost, Preto e Laranja, Cilindro de Gás Classe 3, Base em Nylon, Roda em Nylon - HFR-BO;R$ ---
919;Descanso de Braço para Cadeira Husky Gaming Storm, Blizzard - PREP071;R$ ---
920;Cadeira Gamer XT Racer Platinum W Series, Até 120kg, Com Almofadas, Reclinável, Descanso de Braço 3D, Azul - XTR-067;R$ ---
921;Cadeira Gamer DT3 Mizano Fabric, Até 110 kg, Com Almofadas, Apoio de Braço 3D+, Reclinável, Preto e Vermelho - 13801-3;R$ ---
922;Cadeira Gamer Noblechairs Epic Compact, Até 120Kg, com Almofadas, Braços 3D, Ajuste de Profundidade, Preto e Vermelho - NBL-ECC-PU-RED;R$ ---
923;Cadeira Gamer DT3sports Elise, Até 130Kg, Reclinável, Preto - 11833-6;R$ ---
924;Cadeira Gamer Corsair TC70 Remix,  Até 120Kg, Apoio de Braços 3D, Reclinável, Cilindro de Gás Classe 4, Preto - CF-9010038-WW;R$ ---
925;Cadeira Gamer DT3sports Elise, Até 150kg, com Almofadas, Reclinável, Preto e Vermelho - 10637-7;R$ ---
926;Cadeira Gamer Alpha Gamer Zeta Preto, Reclinável, com Almofadas, Cilindro de Gás Classe 4 - AGZETA-BK;R$ ---
927;Cadeira Gamer DT3sports Mizano Fabric, Red - 11361-2;R$ ---
928;Cadeira Gamer Alpha Gamer Kappa, Até 150 kg, Apoio de Braço Acolchoado, Cilindro de Gás Classe 4, Preto - AGKAPPA-BK;R$ ---
929;Cadeira Gamer DT3sports Modena, Black Grey - 10326-2;R$ ---
930;Cadeira Gamer Dazz Elite, 100 Kg, Mecanismo de Ajuste Butterfly, Black - 624761;R$ ---
931;Cadeira Gamer Dazz Dark Shadow, Black - 625165;R$ ---
932;Cadeira Gamer Sharkoon Elbrus 1, Black Pink;R$ ---
933;Cadeira Gamer Multi Tongea Black - GA182;R$ ---
934;Cadeira Gamer Multi Tongea Green - GA160;R$ ---
935;Cadeira Gamer ThunderX3 EC1 Black - 67995;R$ ---
936;Cadeira Gamer ThunderX3 EC1 Black/Red - 67996;R$ ---
937;Cadeira Gamer Elements Gaming Elemental Ignis Black/Red - 63593;R$ ---
938;Cadeira Gamer Fortrek Holt, Black - 70501;R$ ---
939;Cadeira Gamer Vertagear S-Line SL5000 Racing Series, Black/Blue Rev.2 - VG-SL5000-BL;R$ ---
940;Cadeira Gamer Pctop Super 1015, Vermelha;R$ ---
941;Cadeira Gamer Max Racer Storm Target, Até 110Kg, Preta - TGT-06;R$ ---
942;Cadeira Gamer AKRacing Premium V2, Black Silver - 10047-2;R$ ---
943;Cadeira Gamer Husky Gaming Hailstorm, Preto e Verde, Com Almofadas, Reclinável, Descanso de Braço 2D - HHA-BG;R$ ---
944;Cadeira Gamer Husky Gaming Racing, Vermelho, Com Almofadas, Reclinável, Descanso de Braço 3D - HRC-R;R$ ---
945;Braços para Cadeiras Husky, 2 lados Frost - HAC-BF;R$ ---
946;Cadeira Gamer Husky Gaming Blizzard 900 S.E., Rosa e Preto, Com Almofadas, Reclinável com Sistema Frog, Descanso de Braço 3D - HGMA093;R$ ---
947;Cadeira DT3office Zodiac V2, Reclinável, Assento Deslizável, Rosé - 12997-8;R$ ---
